<?xml version="1.0" encoding="UTF-8"?>  <sh:StandardBusinessDocument xmlns:sh="http://www.unece.org/cefact/namespaces/StandardBusinessDocumentHeader" xmlns:eanucc="urn:ean.ucc:2" xmlns:gpc="urn:ean.ucc:gpc:2" xmlns:xsi="http://www.w3.org/2001/XMLSchema-instance" xsi:schemaLocation="http://www.unece.org/cefact/namespaces/StandardBusinessDocumentHeader ../Schemas/sbdh/StandardBusinessDocumentHeader.xsd urn:ean.ucc:2 ../Schemas/Gs1SchemaProxy.xsd"> 	<sh:StandardBusinessDocumentHeader> 		<sh:HeaderVersion>2.2</sh:HeaderVersion> 		<sh:Sender> 			<sh:Identifier Authority="GS1">0000000000000</sh:Identifier> 			<sh:ContactInformation> 				<sh:Contact>Mike Mowad</sh:Contact> 				<sh:EmailAddress>gsmp@gs1.org</sh:EmailAddress> 				<sh:FaxNumber>+1 609-557-4599</sh:FaxNumber> 				<sh:TelephoneNumber>+1 609-557-4568</sh:TelephoneNumber> 				<sh:ContactTypeIdentifier></sh:ContactTypeIdentifier> 			</sh:ContactInformation> 		</sh:Sender> 		<sh:Receiver> 			<sh:Identifier Authority="GS1">0000000000000</sh:Identifier> 			<sh:ContactInformation> 				<sh:Contact>Mike Mowad</sh:Contact> 				<sh:EmailAddress>gsmp@gs1.org</sh:EmailAddress> 				<sh:FaxNumber>+1 609-557-4599</sh:FaxNumber> 				<sh:TelephoneNumber>+1 609-557-4568</sh:TelephoneNumber> 				<sh:ContactTypeIdentifier></sh:ContactTypeIdentifier> 			</sh:ContactInformation> 		</sh:Receiver> 		<sh:DocumentIdentification> 			<sh:Standard>GS1</sh:Standard> 			<sh:TypeVersion>2.0.2</sh:TypeVersion> 			<sh:InstanceIdentifier>100003</sh:InstanceIdentifier> 			<sh:Type>Gs1Schema</sh:Type> 			<sh:MultipleType>false</sh:MultipleType> 			<sh:CreationDateAndTime>2005-09-19T12:00:01.000</sh:CreationDateAndTime> 		</sh:DocumentIdentification> 	</sh:StandardBusinessDocumentHeader> 	<eanucc:message> 		<entityIdentification> 			<uniqueCreatorIdentification>MSG-123-20050919</uniqueCreatorIdentification> 			<contentOwner> 				<gln>0000000000000</gln> 			</contentOwner> 		</entityIdentification> 		<gpc:gs1Schema xsi:schemaLocation="urn:ean.ucc:2 ../Schemas/Gs1SchemaProxy.xsd"> <schema> <currentVersion>as at 01052021 EN</currentVersion> <previousVersion></previousVersion>
<segment code="66000000" text="Communications" definition="">
<family code="66010000" text="Communications" definition="">
<class code="66010100" text="Communication Accessories" definition="">
<brick code="10001174" text="Caller ID Displays" definition="Includes any products that may be described/observed as a device designed to be attached to a telephone to display or announce the number of an incoming caller. Includes products such as Caller IDs with digital displays and audio announcements. Specifically excludes Telephones with an inbuilt Caller ID Display. Excludes products such as Caller ID Software in Mobile Phones.">
<attType code="20002012" text="If With Call Waiting" definition="Indicates with reference to the product branding, labelling or packaging, the descriptive term that is used by the product manufacturer to identify if the product has the functionality to display/announce the number/name of an incoming caller whilst a telephone is in use.">
<attValue code="30002960" text="NO" definition=""/>
<attValue code="30002518" text="UNIDENTIFIED" definition="This term is used to describe those product attributes that are unidentifiable given existing or available product information."/>
<attValue code="30002654" text="YES" definition=""/>
</attType>
<attType code="20001098" text="Type of Caller ID Displays" definition="Indicates, with reference to the product branding, labelling or packaging, the descriptive term that is used by the product manufacturer to identify if the Caller ID has a visual display or audio announcement of the incoming call or both.">
<attValue code="30010737" text="AUDIO ANNOUNCEMENT" definition=""/>
<attValue code="30010736" text="AUDIO VISUAL COMBINATION" definition=""/>
<attValue code="30002515" text="UNCLASSIFIED" definition="This term is used to describe those product attributes that are unable to be classified within their specific market; e.g. goat&apos;s cheese - goat&apos;s cheeses is often generically labelled and cannot be further classified."/>
<attValue code="30002518" text="UNIDENTIFIED" definition="This term is used to describe those product attributes that are unidentifiable given existing or available product information."/>
<attValue code="30007775" text="VISUAL DISPLAY/DIGITAL" definition=""/>
</attType>
</brick>
<brick code="10001379" text="Communication Accessories Other" definition="Includes any products that may be described/observed as Communication Accessories products, where the user of the schema is not able to classify the products in existing bricks within the schema.&#160;Includes all products (e.g. military, emergency service, industrial or other special specifications) which fit the product definition. Excludes all currently classified Communication Accessories products.">
</brick>
<brick code="10001380" text="Communication Accessories Variety Packs" definition="Includes any products that may be described/observed as two or more distinct Communications Accessory products sold together, which exist within the schema belonging to different bricks but to the same class, that is two or more products contained within the same pack which cross bricks within the Communication Accessories class.&#160;Includes all products (e.g. military, emergency service, industrial or other special specifications) which fit the product definition.Includes products such as a Hands-Free Set sold with a Mobile Phone Radiation Guard. Items that are received free with purchases should be removed from the classification decision-making process. Excludes products such as a Mobile Phone sold with a Hands-Free Set.">
</brick>
<brick code="10005745" text="Communication Headphones Replacement Parts/Accessories" definition="Includes any products that may be described/observed as a replacement part or accessory for communication headphones that incorporate equipment such as earphones and a microphone. Includes all products (e.g. military, emergency service, industrial or other special specifications) which fit the product definition.Includes products such as ear pads and headbands. Excludes products such as Phone Holders.">
<attType code="20002647" text="Type of Communication Headphones Replacement Part/Accessory" definition="Indicates, with reference to the product branding, labelling or packaging, the descriptive term that is used by the product manufacturer to identify the type of communication headphone replacement part or accessory.">
<attValue code="30013413" text="EARPAD" definition=""/>
<attValue code="30004050" text="HEADBAND" definition=""/>
<attValue code="30002515" text="UNCLASSIFIED" definition="This term is used to describe those product attributes that are unable to be classified within their specific market; e.g. goat&apos;s cheese - goat&apos;s cheeses is often generically labelled and cannot be further classified."/>
<attValue code="30002518" text="UNIDENTIFIED" definition="This term is used to describe those product attributes that are unidentifiable given existing or available product information."/>
</attType>
</brick>
<brick code="10001181" text="Communications Hands Free Kits/Headphones" definition="Includes any products that may be described/observed as a piece of equipment designed to allow an individal to use a phone or other audio communication device without having to hold it to the ear, either by using a stand-alone microphone or a microphone incorporated into headphones. Includes products such as mobile phone hands free kits. Specifically excludes audio headsets used only for listening, not for two-way communication. Excludes products such as car phone holders.">
<attType code="20001116" text="Corded/Cordless" definition="Indicates, with reference to the product branding, labelling or packaging, the descriptive term that is used by the product manufacturer to identify whether the product is connected to a base unit or power supply by a cord.">
<attValue code="30007714" text="CORDED" definition=""/>
<attValue code="30007715" text="CORDLESS" definition=""/>
<attValue code="30002518" text="UNIDENTIFIED" definition="This term is used to describe those product attributes that are unidentifiable given existing or available product information."/>
</attType>
</brick>
<brick code="10005740" text="Digital Enhanced Cordless Telecommunications (DECT) Repeaters" definition="Includes any products that can be described/observed as a device that can double the range of a digital DECT cordless phone. These devices are extremely useful for those users who have larger dwellings or particularly thick walls. Excludes products such as audio amplifiers.">
</brick>
<brick code="10001178" text="Mobile Phone Cases" definition="Includes any products that may be described/observed as casing designed to cover and protect mobile phones. Specifically excludes Mobile Phone Fascias and other types of Mobile Phone/Smartphone Accessories. Excludes products such as Casing not specifically designed for mobile phones and Mobile Phone Holders.">
<attType code="20000794" text="Type of Material" definition="Indicates, with reference to the product branding, labelling or packaging, the descriptive term that is used by the product manufacturer to identify the type of material from which the product is made.">
<attValue code="30004006" text="LEATHER" definition="Leather is a durable and flexible material created by tanning animal rawhide and skin, often cattle hide."/>
<attValue code="30007497" text="PLASTIC/SYNTHETIC" definition=""/>
<attValue code="30004201" text="RUBBER" definition=""/>
<attValue code="30004299" text="TEXTILE" definition="A textile is a flexible material consisting of a network of natural or artificial fibres (yarn or thread)."/>
<attValue code="30002515" text="UNCLASSIFIED" definition="This term is used to describe those product attributes that are unable to be classified within their specific market; e.g. goat&apos;s cheese - goat&apos;s cheeses is often generically labelled and cannot be further classified."/>
<attValue code="30002518" text="UNIDENTIFIED" definition="This term is used to describe those product attributes that are unidentifiable given existing or available product information."/>
</attType>
</brick>
<brick code="10001182" text="Mobile Phone Fascias" definition="Includes any products that may be described/observed as a detachable cover or casing specifically designed for mobile phones and are sold independently from the mobile phones. Excludes products such as Fascias sold already attached to Mobile Phones and Communication Equipment Cases.">
</brick>
<brick code="10001183" text="Mobile Phone Radiation Guards" definition="Includes any products that may be described/observed as a device specifically designed to significantly reduce the exposure a user has to radiation that may be emitted or received by a mobile phone. Excludes products such as Computer Radiation Guards.">
<attType code="20001107" text="If With Wave Filter" definition="Indicates, with reference to the product branding, labelling or packaging, the descriptive term that is used by the product manufacturer to identify if the product contains a wave filter.">
<attValue code="30002960" text="NO" definition=""/>
<attValue code="30002518" text="UNIDENTIFIED" definition="This term is used to describe those product attributes that are unidentifiable given existing or available product information."/>
<attValue code="30002654" text="YES" definition=""/>
</attType>
</brick>
<brick code="10001177" text="Phone Holders" definition="Includes any products that may be described/observed as a device intended to hold a mobile phone in place. Includes products such as car phone holders and mobile phone belt clips. Excludes products such as Mobile Phone Cases and Mobile Phone Fascias.">
<attType code="20002570" text="Type of Phone Holder" definition="Indicates, with reference to the product branding, labelling or packaging, the descriptive term that is used by the product manufacturer to identify the type of phone holder.">
<attValue code="30012958" text="CAR PHONE HOLDER" definition=""/>
<attValue code="30012960" text="DESKTOP MOBILE PHONE HOLDER" definition=""/>
<attValue code="30012959" text="MOBILE PHONE BELT CLIP" definition=""/>
<attValue code="30002515" text="UNCLASSIFIED" definition="This term is used to describe those product attributes that are unable to be classified within their specific market; e.g. goat&apos;s cheese - goat&apos;s cheeses is often generically labelled and cannot be further classified."/>
<attValue code="30002518" text="UNIDENTIFIED" definition="This term is used to describe those product attributes that are unidentifiable given existing or available product information."/>
</attType>
</brick>
<brick code="10005680" text="Telephone Wipes" definition="Includes any products that can be described/observed as a wipe specifically designed to clean fixed and mobile phones. Includes products dispensed from tubs or sachets and may contain bactericide to kill common germs. Excludes products such as computer cleaning wipes, audio-visual cleaning wipes and general purpose household cleaning wipes.">
</brick>
</class>
<class code="66010200" text="Fixed Communication Devices" definition="">
<brick code="10001184" text="Answering Machines" definition="Includes any products that may be described/observed as a fixed electronic device that, in the absence of the called party, automatically answers incoming calls with a pre-recorded message and records messages from callers for later playback. Includes products such as digital answering machines and tape answering machines. Excludes products such as multifunctional devices that include an answering machine and which are classified with office machinery, as well as telephones and telephones with an inbuilt answering machine.">
<attType code="20001145" text="Analog/Digital" definition="Indicates, with reference to the product branding, labelling or packaging, the descriptive term that is used by the product manufacturer to identify whether the product is analog or digital.">
<attValue code="30007712" text="ANALOG" definition=""/>
<attValue code="30005480" text="DIGITAL" definition=""/>
<attValue code="30002518" text="UNIDENTIFIED" definition="This term is used to describe those product attributes that are unidentifiable given existing or available product information."/>
</attType>
</brick>
<brick code="10001185" text="Conferencing Systems" definition="Includes any products that may be described/observed as the means by which phones are connected to allow people in different locations to speak to and be heard by one another simultaneously. These systems may also incorporate a small visual screen. Excludes products such as Intercoms.">
<attType code="20001109" text="Communication Format" definition="Indicates, with reference to the product branding, labelling or packaging, the descriptive term that is used by the product manufacturer to identify the type of communication format.">
<attValue code="30007795" text="AUDIO" definition=""/>
<attValue code="30007796" text="AUDIO VISUAL" definition=""/>
<attValue code="30002515" text="UNCLASSIFIED" definition="This term is used to describe those product attributes that are unable to be classified within their specific market; e.g. goat&apos;s cheese - goat&apos;s cheeses is often generically labelled and cannot be further classified."/>
<attValue code="30002518" text="UNIDENTIFIED" definition="This term is used to describe those product attributes that are unidentifiable given existing or available product information."/>
</attType>
</brick>
<brick code="10005677" text="Fax Machine Consumables" definition="Includes any products that can be described/observed as being specifically designed to periodically replace/refill components of a fax machine that have been depleted or worn out by use, such as ink films. The products include Drum Cartridges, Film Cartridges and kits which contain multiple replacement items such as toner, drum, and imaging unit. Excludes products such as Fax Machines, Printer and Type Writer Consumables.">
<attType code="20001077" text="Type of Office Machinery Consumable" definition="Indicates, with reference to the product branding, labelling or packaging, the descriptive term that is used by the product manufacturer to identify the type of office machinery consumable.">
<attValue code="30000720" text="COMBINATION" definition=""/>
<attValue code="30012989" text="DRUM CARTRIDGE" definition=""/>
<attValue code="30014364" text="FAX MACHINE RIBBON" definition=""/>
<attValue code="30012987" text="FILM CARTRIDGE" definition=""/>
<attValue code="30012986" text="INK FILM" definition=""/>
<attValue code="30007731" text="ORIGINAL BLACK CARTRIDGE" definition=""/>
<attValue code="30007732" text="ORIGINAL COLOUR CARTRIDGE" definition=""/>
<attValue code="30004306" text="PRINTING TONER" definition=""/>
<attValue code="30012988" text="THERMAL FILM" definition=""/>
<attValue code="30002515" text="UNCLASSIFIED" definition="This term is used to describe those product attributes that are unable to be classified within their specific market; e.g. goat&apos;s cheese - goat&apos;s cheeses is often generically labelled and cannot be further classified."/>
<attValue code="30002518" text="UNIDENTIFIED" definition="This term is used to describe those product attributes that are unidentifiable given existing or available product information."/>
</attType>
</brick>
<brick code="10001186" text="Fax Machines" definition="Includes any products that may be described/observed as a fixed electronic device that can transmit or receive copies of pictures, text and photographs through a telephone line. Excludes products such as multifunctional devices that include a fax machine and which are classified with office machinery, as well as telephones or answer machines sold singly.">
<attType code="20002235" text="Print Technology" definition="Indicates, with reference to the product branding, labelling or packaging, the descriptive term that is used by the product manufacturer to identify the type of print technology used in the product.">
<attValue code="30011755" text="CHARACTER IMPACT" definition=""/>
<attValue code="30011754" text="DOT MATRIX" definition=""/>
<attValue code="30011758" text="DYE SUBLIMATION" definition=""/>
<attValue code="30007740" text="INKJET" definition=""/>
<attValue code="30011752" text="LASER" definition=""/>
<attValue code="30011753" text="LIGHT EMITTING DIODE (LED)" definition=""/>
<attValue code="30011756" text="SOLID INK" definition=""/>
<attValue code="30011757" text="THERMAL WAX" definition=""/>
<attValue code="30002515" text="UNCLASSIFIED" definition="This term is used to describe those product attributes that are unable to be classified within their specific market; e.g. goat&apos;s cheese - goat&apos;s cheeses is often generically labelled and cannot be further classified."/>
<attValue code="30002518" text="UNIDENTIFIED" definition="This term is used to describe those product attributes that are unidentifiable given existing or available product information."/>
</attType>
</brick>
<brick code="10005681" text="Fixed Communication Devices Accessories" definition="Includes any products that can be described/observed as an accessory to a fixed communication device that is not incorporated into the main communication device selling unit but is sold separately. Includes products such as telephone bell ringers to enable one to hear a telephone in another room and line sharing devices for telephones. Excludes products such as fax machine consumables that need to be replaced on a periodic basis.">
</brick>
<brick code="10001383" text="Fixed Communication Devices Other" definition="Includes any products that may be described/observed as a Fixed Communication Device, where the user of the schema is not able to classify the products in existing bricks within the schema. Excludes all currently classified Fixed Communication Devices.">
</brick>
<brick code="10001384" text="Fixed Communication Devices Variety Packs" definition="Includes any products that may be described/observed as two or more distinct Fixed Communication Device products sold together, which exist within the schema belonging to different bricks but to the same class, that is two or more products contained within the same pack which cross bricks within the Fixed Communication Devices class. Includes products such as a Telephone sold with a separate Answering Machine. Items that are received free with purchases should be removed from the classification decision-making process. Excludes products such as a Telephone sold with a Caller ID Display.">
</brick>
<brick code="10001188" text="Fixed Communication Pre-pay Vouchers/Calling Cards" definition="Includes any products that can be described/observed as a card/voucher that is purchased from a retailer, which allows the purchaser to make phone calls from fixed communication devices up to the value of the card or voucher. Excludes products such as Mobile Phone Pre-Pay Vouchers/Cards.">
<attType code="20001112" text="Type of Fixed Communication Pre-pay Voucher/Calling Card" definition="Indicates, with reference to the product branding, labelling or packaging, the descriptive term that is used by the product manufacturer to identify the type of fixed communication device pre-pay voucher or calling card.">
<attValue code="30007802" text="FIXED COMMUNICATION CALLING CARD" definition=""/>
<attValue code="30007803" text="FIXED COMMUNICATION PRE-PAY VOUCHER" definition=""/>
<attValue code="30002515" text="UNCLASSIFIED" definition="This term is used to describe those product attributes that are unable to be classified within their specific market; e.g. goat&apos;s cheese - goat&apos;s cheeses is often generically labelled and cannot be further classified."/>
<attValue code="30002518" text="UNIDENTIFIED" definition="This term is used to describe those product attributes that are unidentifiable given existing or available product information."/>
</attType>
</brick>
<brick code="10001189" text="Intercoms" definition="Includes any products that may be described/observed as a fixed system comprising of a series of connected electronic communication base sets and hand sets that can be used for intercommunication between different localities. Excludes products such as Telephones.">
<attType code="20001109" text="Communication Format" definition="Indicates, with reference to the product branding, labelling or packaging, the descriptive term that is used by the product manufacturer to identify the type of communication format.">
<attValue code="30007795" text="AUDIO" definition=""/>
<attValue code="30007796" text="AUDIO VISUAL" definition=""/>
<attValue code="30002515" text="UNCLASSIFIED" definition="This term is used to describe those product attributes that are unable to be classified within their specific market; e.g. goat&apos;s cheese - goat&apos;s cheeses is often generically labelled and cannot be further classified."/>
<attValue code="30002518" text="UNIDENTIFIED" definition="This term is used to describe those product attributes that are unidentifiable given existing or available product information."/>
</attType>
<attType code="20001113" text="Wired/Wireless" definition="Indicates, with reference to the product branding, labelling or packaging, the descriptive term that is used by the product manufacturer to identify whether the product is wired or wireless.">
<attValue code="30002518" text="UNIDENTIFIED" definition="This term is used to describe those product attributes that are unidentifiable given existing or available product information."/>
<attValue code="30007804" text="WIRED" definition=""/>
<attValue code="30007805" text="WIRELESS" definition=""/>
</attType>
</brick>
<brick code="10001190" text="Telephone Switchboards" definition="Includes any products that may be described/observed as an apparatus containing switches by means of which a connection may be made from an incoming telephone line to any one of a series of outgoing lines. The switches can be either mechanical or electronic with the switching action being automatic, controlled by signals in the incoming call or manually controlled by a an operator. Excludes products such as Telephones.">
<attType code="20001145" text="Analog/Digital" definition="Indicates, with reference to the product branding, labelling or packaging, the descriptive term that is used by the product manufacturer to identify whether the product is analog or digital.">
<attValue code="30007712" text="ANALOG" definition=""/>
<attValue code="30005480" text="DIGITAL" definition=""/>
<attValue code="30002518" text="UNIDENTIFIED" definition="This term is used to describe those product attributes that are unidentifiable given existing or available product information."/>
</attType>
<attType code="20001113" text="Wired/Wireless" definition="Indicates, with reference to the product branding, labelling or packaging, the descriptive term that is used by the product manufacturer to identify whether the product is wired or wireless.">
<attValue code="30002518" text="UNIDENTIFIED" definition="This term is used to describe those product attributes that are unidentifiable given existing or available product information."/>
<attValue code="30007804" text="WIRED" definition=""/>
<attValue code="30007805" text="WIRELESS" definition=""/>
</attType>
</brick>
<brick code="10001191" text="Telephones" definition="Includes any products that may be described/observed as a fixed electronic device that converts sound into electrical signals to be transmitted over distances and then converts received signals back into sounds. These products must be connected to telephone wire networks through a connection point, which is usually wall-mounted. Includes products such as cordless telephones and corded telephones as well as telephones with an incorporated answering machine. Excludes products such as multifunctional devices that include a telephone and which are classified with office machinery, as well as mobile telephones.">
<attType code="20001145" text="Analog/Digital" definition="Indicates, with reference to the product branding, labelling or packaging, the descriptive term that is used by the product manufacturer to identify whether the product is analog or digital.">
<attValue code="30007712" text="ANALOG" definition=""/>
<attValue code="30005480" text="DIGITAL" definition=""/>
<attValue code="30002518" text="UNIDENTIFIED" definition="This term is used to describe those product attributes that are unidentifiable given existing or available product information."/>
</attType>
<attType code="20001116" text="Corded/Cordless" definition="Indicates, with reference to the product branding, labelling or packaging, the descriptive term that is used by the product manufacturer to identify whether the product is connected to a base unit or power supply by a cord.">
<attValue code="30007714" text="CORDED" definition=""/>
<attValue code="30007715" text="CORDLESS" definition=""/>
<attValue code="30002518" text="UNIDENTIFIED" definition="This term is used to describe those product attributes that are unidentifiable given existing or available product information."/>
</attType>
<attType code="20002601" text="If VOIP (Voice Over Internet Protocol) Capability" definition="Indicates, with reference to the product branding, labelling or packaging, the descriptive term that is used by the product manufacturer to identify whether the product facilitates the routing of voice conversations over the Internet.">
<attValue code="30002960" text="NO" definition=""/>
<attValue code="30002518" text="UNIDENTIFIED" definition="This term is used to describe those product attributes that are unidentifiable given existing or available product information."/>
<attValue code="30002654" text="YES" definition=""/>
</attType>
<attType code="20002373" text="If With Answering Machine" definition="Indicates, with reference to the product branding, labelling or packaging, the descriptive term that is used by the product manufacturer to identify whether or not the product has an incorporated answering machine.">
<attValue code="30002960" text="NO" definition=""/>
<attValue code="30002518" text="UNIDENTIFIED" definition="This term is used to describe those product attributes that are unidentifiable given existing or available product information."/>
<attValue code="30002654" text="YES" definition=""/>
</attType>
<attType code="20002618" text="If With ISDN (Integrated Services Digital Network)" definition="Indicates, with reference to the product branding, labelling or packaging, the descriptive term that is used by the product manufacturer to identify whether ISDN functionality is incorporated in the product.">
<attValue code="30002960" text="NO" definition=""/>
<attValue code="30002518" text="UNIDENTIFIED" definition="This term is used to describe those product attributes that are unidentifiable given existing or available product information."/>
<attValue code="30002654" text="YES" definition=""/>
</attType>
</brick>
</class>
<class code="66010300" text="Mobile Communication Devices/Services" definition="">
<brick code="10001192" text="Communication Radio Sets" definition="Includes any products that may be described/observed as an electronic receiver that detects, demodulates and amplifies transmitted electromagnetic signals over great distances, such as across a country, around the world and into space. Communications typically cover a wide frequency spectrum and can be Morse code, radio, data and voice signals.Includes all products (e.g. military, emergency service, industrial or other special specifications) which fit the product definition.Includes products such as Amateur (Ham) Radio Sets and Nautical Radio Sets. Excludes products such as Two-Way Radios .">
<attType code="20001145" text="Analog/Digital" definition="Indicates, with reference to the product branding, labelling or packaging, the descriptive term that is used by the product manufacturer to identify whether the product is analog or digital.">
<attValue code="30007712" text="ANALOG" definition=""/>
<attValue code="30005480" text="DIGITAL" definition=""/>
<attValue code="30002518" text="UNIDENTIFIED" definition="This term is used to describe those product attributes that are unidentifiable given existing or available product information."/>
</attType>
</brick>
<brick code="10001193" text="GPS Equipment - Mobile Communications" definition="Includes any products that may be described/observed as any of the hardware used in the Global Positioning System, which uses satellites, receivers and software to allow users to determine their exact geographic position.&#160;Includes all products (e.g. military, emergency service, industrial or other special specifications) which fit the product definition. Excludes products such as GPS Software, automotive GPS navigational systems and Mobile Phones with Integrated GPS.">
<attType code="20001119" text="If With Emergency Call Device" definition="Indicates, with reference to the product branding, labelling or packaging, the descriptive term that is used by the product manufacturer to identify whether the product includes emergency call devices.">
<attValue code="30002960" text="NO" definition=""/>
<attValue code="30002518" text="UNIDENTIFIED" definition="This term is used to describe those product attributes that are unidentifiable given existing or available product information."/>
<attValue code="30002654" text="YES" definition=""/>
</attType>
</brick>
<brick code="10001194" text="GPS Software - Mobile Communications" definition="Includes any products that may be described/observed as any of the programmes or data used in the Global Positioning System, which uses satellites, receivers and software to allow users to determine their exact geographic position. Includes GPS software and maps for marine, auto or a personal GPS device. Excludes products such as GPS Equipment. Also excludes products such as GPS Equipment and GPS software / maps that do not come on CD or other pre-recorded device such as downloadable content.">
</brick>
<brick code="10006237" text="GPS Software - Mobile Communications - Digital" definition="Includes any products that may be described / observed as any of the programmes or data which are downloaded or streamed, used in a Global Positioning System device, which uses satellites, receivers and software to allow users to determine their exact geographic position. Includes GPS software and maps for marine, auto or a personal GPS device. Excludes products such as GPS Equipment and GPS software / maps that come on CD or other pre-recorded device.">
</brick>
<brick code="10003779" text="Mobile Communication Devices/Services - Replacement Parts" definition="Includes any products that may be described/observed as replacement parts for Mobile Communication Devices and Services products.Includes products such replacement Keypads and LCD Displays for mobile phones.&#160;Includes all products (e.g. military, emergency service, industrial or other special specifications) which fit the product definition. Specifically excludes Mobile Phone Fascias. Excludes products such as Mobile Phone Software and Radiation Guards, and Communication Cases.">
<attType code="20000975" text="Type of Replacement Part" definition="Indicates with reference to the product branding, labelling or packaging, the descriptive term that is used by the manufacturer to identify the type of replacement part.">
<attValue code="30010730" text="REPLACEMENT ANTENNA/AERIAL" definition=""/>
<attValue code="30010735" text="REPLACEMENT BATTERY COVER" definition=""/>
<attValue code="30010733" text="REPLACEMENT INTERNAL RIBBON CABLE" definition=""/>
<attValue code="30010731" text="REPLACEMENT KEYPAD" definition=""/>
<attValue code="30010732" text="REPLACEMENT LCD DISPLAY" definition=""/>
<attValue code="30010734" text="REPLACEMENT MOBILE PHONE SPEAKER" definition=""/>
<attValue code="30002515" text="UNCLASSIFIED" definition="This term is used to describe those product attributes that are unable to be classified within their specific market; e.g. goat&apos;s cheese - goat&apos;s cheeses is often generically labelled and cannot be further classified."/>
<attValue code="30002518" text="UNIDENTIFIED" definition="This term is used to describe those product attributes that are unidentifiable given existing or available product information."/>
</attType>
</brick>
<brick code="10001385" text="Mobile Communication Devices/Services Other" definition="Includes any products that may be described/observed as Mobile Communication Devices and Services products, where the user of the schema is not able to classify the products in existing bricks within the schema. Excludes all currently classified Mobile Communication Devices and Services products.">
</brick>
<brick code="10001386" text="Mobile Communication Devices/Services Variety Packs" definition="Includes any products that may be described/observed as two or more distinct Mobile Communication Devices and Services products sold together, which exist within the schema belonging to different bricks but to the same class, that is two or more products contained within the same pack which cross bricks within the Mobile Communication Devices and Services class. Includes products such as Mobile Phones and SIM Cards sold together. Items that are received free with purchases should be removed from the classification decision-making process. Excludes products such as Mobile Phones and Hands-Free Kits sold together.">
</brick>
<brick code="10001196" text="Mobile Phone SIM Cards/SIM Card Adapters" definition="Includes any products that may be described/observed as a subscriber identity module (SIM) on a removable card that can be inserted in any GSM-based mobile phone, which securely stores the service-subscriber key (IMSI) used to identify a subscriber on mobile telephony devices (such as computers and mobile phones). The small printed circuit board , also contains memory for a personal directory of numbers. A SIM card adapter combines SIM cards from different areas, countries or different network numbers in just one SIM card. Excludes products such as Mobile Phone Software.">
<attType code="20001123" text="Type of SIM Card/Adapter" definition="Indicates, with reference to the product branding, labelling or packaging, the descriptive term that is used by the product manufacturer to identify the type of mobile phone SIM card or adapter.">
<attValue code="30007812" text="SIM CARD" definition=""/>
<attValue code="30007813" text="SIM CARD ADAPTER" definition=""/>
<attValue code="30002515" text="UNCLASSIFIED" definition="This term is used to describe those product attributes that are unable to be classified within their specific market; e.g. goat&apos;s cheese - goat&apos;s cheeses is often generically labelled and cannot be further classified."/>
<attValue code="30002518" text="UNIDENTIFIED" definition="This term is used to describe those product attributes that are unidentifiable given existing or available product information."/>
</attType>
</brick>
<brick code="10001197" text="Mobile Phone Software" definition="Includes any products that may be described/observed as a set of programmes or data specifically designed to operate a mobile phone. Includes products such as web-surfer software, stock market and broadcast software, games and ring-tone software. Excludes products such as SIM Cards, Computer Software and GPS Software. Excludes are products that are downloaded or streamed to customer.">
</brick>
<brick code="10006238" text="Mobile Phone Software - Digital" definition="Includes any products that may be described/observed as a set of programmes or data specifically designed to operate a mobile phone which are downloaded or streamed to the phone. Includes products such as web-surfer software, stock market and broadcast software, games and ring-tone software. Excludes products such as SIM Cards, Computer Software and GPS Software.">
</brick>
<brick code="10007020" text="Mobile Phone/Smartphone Accessories" definition="Includes any products that may be described/observed as an accessory to mobile phones/smartphones. For example a separate horn to attach to the phone (not to be confused with a hands free kit). Excludes Mobile Phone Cases, Hands Free Kits/Headphones, and Mobile Phone Radiation Guards.">
</brick>
<brick code="10001198" text="Mobile Phones/Smartphones" definition="Includes any products that may be described/observed as a handheld cordless device that converts sound into electrical signals to be transmitted over distances and then converts received signals back into sounds. These devices do not need to be attached to a phone connection point. Includes mobile phones with features such as colour screens, video messaging, photo messaging, dual band and tri band as well as smartphones that can offer advanced functionalities such as email and a personal organiser. Excludes products such as cordless telephones and pagers.">
<attType code="20001126" text="If Colour Screen" definition="Indicates, with reference to the product branding, labelling or packaging, the descriptive term that is used by the product manufacturer to identify if the product includes a colour screen.">
<attValue code="30002960" text="NO" definition=""/>
<attValue code="30002518" text="UNIDENTIFIED" definition="This term is used to describe those product attributes that are unidentifiable given existing or available product information."/>
<attValue code="30002654" text="YES" definition=""/>
</attType>
<attType code="20002033" text="If MP3 Player" definition="Indicates, with reference to the product branding, labelling or packaging, the descriptive term that is used by the product manufacturer to identify whether the product has MP3 playing facility.">
<attValue code="30002960" text="NO" definition=""/>
<attValue code="30002518" text="UNIDENTIFIED" definition="This term is used to describe those product attributes that are unidentifiable given existing or available product information."/>
<attValue code="30002654" text="YES" definition=""/>
</attType>
<attType code="20002699" text="If Provider Ware" definition="Indicates, with reference to the product branding, labelling or packaging, the descriptive term that is used by the product manufacturer to identify if the product is branded by the mobile network operator.">
<attValue code="30002960" text="NO" definition=""/>
<attValue code="30002518" text="UNIDENTIFIED" definition="This term is used to describe those product attributes that are unidentifiable given existing or available product information."/>
<attValue code="30002654" text="YES" definition=""/>
</attType>
<attType code="20001125" text="If With Camera" definition="Indicates, with reference to the product branding, labelling or packaging, the descriptive term that is used by the product manufacturer to identify if the product includes a camera.">
<attValue code="30002960" text="NO" definition=""/>
<attValue code="30002518" text="UNIDENTIFIED" definition="This term is used to describe those product attributes that are unidentifiable given existing or available product information."/>
<attValue code="30002654" text="YES" definition=""/>
</attType>
<attType code="20002700" text="If With Prepaid Packet" definition="Indicates, with reference to the product branding, labelling or packaging, the descriptive term that is used by the product manufacturer to identify whether the product is supplied with a pre configured package including a linked prepaid card.">
<attValue code="30002960" text="NO" definition=""/>
<attValue code="30002518" text="UNIDENTIFIED" definition="This term is used to describe those product attributes that are unidentifiable given existing or available product information."/>
<attValue code="30002654" text="YES" definition=""/>
</attType>
<attType code="20002603" text="Input Registration" definition="Indicates, with reference to the product branding, labelling or packaging, the descriptive term that is used by the product manufacturer to identify the method of entering data/instructions.">
<attValue code="30000720" text="COMBINATION" definition=""/>
<attValue code="30013222" text="QWERTZ/QWERTY KEYBOARD" definition=""/>
<attValue code="30013221" text="REDUCED PHONE KEYBOARD" definition=""/>
<attValue code="30013223" text="TOUCHSCREEN" definition="Includes Resistive, Multi-touch, Capacitive as well as other touch technology."/>
<attValue code="30002515" text="UNCLASSIFIED" definition="This term is used to describe those product attributes that are unable to be classified within their specific market; e.g. goat&apos;s cheese - goat&apos;s cheeses is often generically labelled and cannot be further classified."/>
<attValue code="30002518" text="UNIDENTIFIED" definition="This term is used to describe those product attributes that are unidentifiable given existing or available product information."/>
</attType>
<attType code="20001127" text="System" definition="Indicates, with reference to the product branding, labelling or packaging, the descriptive term that is used by the product manufacturer to identify the generation of the mobile phone system.">
<attValue code="30010754" text="1 G" definition=""/>
<attValue code="30007817" text="2 G" definition=""/>
<attValue code="30010755" text="2.5 G" definition=""/>
<attValue code="30007818" text="3 G" definition=""/>
<attValue code="30002515" text="UNCLASSIFIED" definition="This term is used to describe those product attributes that are unable to be classified within their specific market; e.g. goat&apos;s cheese - goat&apos;s cheeses is often generically labelled and cannot be further classified."/>
<attValue code="30002518" text="UNIDENTIFIED" definition="This term is used to describe those product attributes that are unidentifiable given existing or available product information."/>
</attType>
</brick>
<brick code="10001199" text="Pagers" definition="Includes any products that may be described/observed as a device containing a digital radio receiver, which is permanently tuned to a single frequency. Each device has a unique identity code, so when the code is transmitted on the correct radio frequency, the device recognises it and can bleep and/or display numeric or alpha-numeric messages. Excludes products such as Mobile Phones.">
<attType code="20001129" text="Type of Pager" definition="Indicates, with reference to the product branding, labelling or packaging, the descriptive term that is used by the product manufacturer to identify the type of communications pager.">
<attValue code="30007824" text="ALPHANUMERIC" definition=""/>
<attValue code="30010757" text="NUMERIC" definition=""/>
<attValue code="30010758" text="TONE" definition=""/>
<attValue code="30002515" text="UNCLASSIFIED" definition="This term is used to describe those product attributes that are unable to be classified within their specific market; e.g. goat&apos;s cheese - goat&apos;s cheeses is often generically labelled and cannot be further classified."/>
<attValue code="30002518" text="UNIDENTIFIED" definition="This term is used to describe those product attributes that are unidentifiable given existing or available product information."/>
</attType>
</brick>
<brick code="10005711" text="Personal Digital Broadcasters/Trackers" definition="Includes any products that may be described/observed as an electronic reporting device that can digitally track the stock market, forecast weather, display headline news and may also operate as a calendar. Includes products that stand alone on a table or desktop as well as self adhesive versions that may be placed on a wall. Excludes products such as mobile phone software, GPS products and watches that have incorporated broadcasting features.">
<attType code="20002595" text="Type of Personal Digital Broadcaster/Tracker" definition="Indicates, with reference to the product branding, labelling or packaging, the descriptive term that is used by the product manufacturer to identify the type of personal digital broadcaster and/or tracker.">
<attValue code="30007384" text="CALENDAR (DESKTOP)" definition=""/>
<attValue code="30000720" text="COMBINATION" definition=""/>
<attValue code="30013188" text="NEWS BROADCASTER" definition=""/>
<attValue code="30013186" text="STOCK MARKET TRACKER" definition=""/>
<attValue code="30002515" text="UNCLASSIFIED" definition="This term is used to describe those product attributes that are unable to be classified within their specific market; e.g. goat&apos;s cheese - goat&apos;s cheeses is often generically labelled and cannot be further classified."/>
<attValue code="30002518" text="UNIDENTIFIED" definition="This term is used to describe those product attributes that are unidentifiable given existing or available product information."/>
<attValue code="30013187" text="WEATHER FORECASTER" definition=""/>
</attType>
</brick>
<brick code="10001200" text="Two-way Radios" definition="Includes any products that may be described/observed as a portable bi-directional device for communication by electromagnetic waves, without a connecting wire. These products can only send and receive verbal messages across a limited range of radio frequencies. Includes products such as Walkie-Talkies. Specifically excludes Amateur (Ham) Radio Sets. Excludes products such as One-Way Communication Radios and Mobile Telephones.">
<attType code="20001130" text="Type of Two-way Radio" definition="Indicates, with reference to the product branding, labelling or packaging, the descriptive term that is used by the product manufacturer to identify the type of two-way radio.">
<attValue code="30006126" text="HANDHELD" definition=""/>
<attValue code="30002515" text="UNCLASSIFIED" definition="This term is used to describe those product attributes that are unable to be classified within their specific market; e.g. goat&apos;s cheese - goat&apos;s cheeses is often generically labelled and cannot be further classified."/>
<attValue code="30002518" text="UNIDENTIFIED" definition="This term is used to describe those product attributes that are unidentifiable given existing or available product information."/>
<attValue code="30007538" text="WRIST WATCH" definition=""/>
</attType>
</brick>
</class>
<class code="66010400" text="Communication Variety Packs" definition="">
<brick code="10001382" text="Communication Variety Packs" definition="Includes any products that can be described/observed as two or more distinct Communications products sold together which exist within the schema but belong to different classes, that is two or more products contained within the same pack which cross classes within the Communications family. Includes products such as a Mobile Phone sold with a Hands-Free Kit. Items that are received free with purchases should be removed from the classification decision-making process. Excludes products such as products from the Communications Segment sold with products from another Segment.">
</brick>
</class>
<class code="66010500" text="Signage" definition="Signs collectively , especially commercial or public display signs or accessories for signs to enable public written/verbal communication to broadcast announcements to inform, warn, or protect.">
<brick code="10006227" text="Sign - Replacement Part/Accessory" definition="Includes any products that can be described/observed as a replacement part or an accessory for Sign products. Excludes products such as Plugs and all other Photography Printing/Dark Room Equipment products currently catered for in the within the Photography Printing/Dark Room Equipment class. Specifically excludes products such as Preprinted Signs, Unprinted Signs, Combination Signs, Markers and Light Bulbs and sign holders currently catered for in the Signage class.">
<attType code="20002826" text="Type of Sign - Replacement Part/Accessory" definition="Indicates the component or part of a sign this product replaces.">
<attValue code="30007435" text="CLEANER" definition="A solution, such as a liquid or gel, used to clean dirt, debris or marks off of the product."/>
<attValue code="30009262" text="CONTROL KNOB" definition="This part is a lever of knob used to operate a control or function of the product."/>
<attValue code="30015469" text="HANGER/HARDWARE" definition="Pieces which will enable the product to be hung, installed, or assembled. Such as hooks, screws, wires, etc."/>
<attValue code="30015470" text="REPLACEMENT LETTERS" definition="This part are letters or words which can be used to replace missing, broken, or lost letters or letter/word tiles."/>
<attValue code="30010764" text="REPLACEMENT POWER SUPPLY UNIT" definition=""/>
<attValue code="30015471" text="SIGN COVER" definition="This is a typically a piece of material which can be draped over the product to hide it from view, and/or protect it when not in use."/>
<attValue code="30002515" text="UNCLASSIFIED" definition="This term is used to describe those product attributes that are unable to be classified within their specific market; e.g. goat&apos;s cheese - goat&apos;s cheeses is often generically labelled and cannot be further classified."/>
<attValue code="30002518" text="UNIDENTIFIED" definition="This term is used to describe those product attributes that are unidentifiable given existing or available product information."/>
</attType>
</brick>
<brick code="10006226" text="Sign Holders" definition="Includes any products that can be described/observed as a device designed to the hold a sign. The holder keeps the sign protected, but visible to users. It may be mounted on a wall set upon a surface or stand on its own. Excludes products such as Preprinted Signs, Unprinted Signs and Combination Signs.">
<attType code="20001709" text="Target Use/Application" definition="Indicates, with reference to the product branding, labelling or packaging, the descriptive term that is used by the product manufacturer to identify the target use and/or application.">
<attValue code="30004660" text="ALL PURPOSE" definition=""/>
<attValue code="30015461" text="COMMERCIAL" definition="Used for products targeted for a place of business."/>
<attValue code="30015462" text="RESIDENTIAL" definition="Used for products targeted for a home residence."/>
<attValue code="30002515" text="UNCLASSIFIED" definition="This term is used to describe those product attributes that are unable to be classified within their specific market; e.g. goat&apos;s cheese - goat&apos;s cheeses is often generically labelled and cannot be further classified."/>
<attValue code="30002518" text="UNIDENTIFIED" definition="This term is used to describe those product attributes that are unidentifiable given existing or available product information."/>
</attType>
<attType code="20002824" text="Type of Application" definition="">
<attValue code="30015466" text="FLOOR STAND" definition="The product is designed to stand or be placed on the floor."/>
<attValue code="30015468" text="HANGING" definition="The product is designed to hang or be suspended such as from the ceiling, rafters or a pole."/>
<attValue code="30015467" text="TABLE STAND" definition="The product is designed to stand or be placed on a table or other raised surface."/>
<attValue code="30002515" text="UNCLASSIFIED" definition="This term is used to describe those product attributes that are unable to be classified within their specific market; e.g. goat&apos;s cheese - goat&apos;s cheeses is often generically labelled and cannot be further classified."/>
<attValue code="30002518" text="UNIDENTIFIED" definition="This term is used to describe those product attributes that are unidentifiable given existing or available product information."/>
</attType>
</brick>
<brick code="10006225" text="Signs, Combination" definition="Includes any products that can be described/observed as a sign which has some preprinted elements, but also has an unprinted or blank area for the user to provide information, instructions, or decorative content.&#160; Images or wording can be added to the sign to convey a message. They may also be powered to provide lighting, such as back lighting or neon.&#160; Excludes products such as Preprinted Signs, Unprinted Signs.">
<attType code="20002241" text="If Powered" definition="Indicate, with reference to the product branding, labelling or packaging, the descriptive term that is used by the product manufacturer to identify whether the product is powered by electricity.">
<attValue code="30002960" text="NO" definition=""/>
<attValue code="30002518" text="UNIDENTIFIED" definition="This term is used to describe those product attributes that are unidentifiable given existing or available product information."/>
<attValue code="30002654" text="YES" definition=""/>
</attType>
<attType code="20002825" text="Lettering" definition="The style or form of lettering or wording which is used present with the product. This lettering can be attached to the sign to provide information to readers of the sign.">
<attValue code="30015465" text="LETTER AND WORD TILES" definition="Letter and word tiles are solid pieces of material with letters or words on them. Use of multiple tiles will form words and phrases. These tiles may attached to the sign via magnets, hook and loop, pins, or other methods."/>
<attValue code="30015463" text="LETTER TILES" definition="Letter tiles are a solid piece of material with a letter on them. Use of multiple tiles will form words and phrases. These tiles may attached to the sign via magnets, hook and loop, pins, or other methods."/>
<attValue code="30012399" text="LETTERS" definition="Letters are a piece of material formed as a letter. Use of multiple letters will form words and phrases. Letters may attached to the sign via magnets, hook and loop, pins, or other methods."/>
<attValue code="30001694" text="NONE" definition=""/>
<attValue code="30002515" text="UNCLASSIFIED" definition="This term is used to describe those product attributes that are unable to be classified within their specific market; e.g. goat&apos;s cheese - goat&apos;s cheeses is often generically labelled and cannot be further classified."/>
<attValue code="30002518" text="UNIDENTIFIED" definition="This term is used to describe those product attributes that are unidentifiable given existing or available product information."/>
<attValue code="30015464" text="WORD TILES" definition="Word tiles are a solid piece of material with a word on them. Use of multiple tiles will form phrases. These tiles may attached to the sign via magnets, hook and loop, pins, or other methods."/>
</attType>
<attType code="20001709" text="Target Use/Application" definition="Indicates, with reference to the product branding, labelling or packaging, the descriptive term that is used by the product manufacturer to identify the target use and/or application.">
<attValue code="30004660" text="ALL PURPOSE" definition=""/>
<attValue code="30015461" text="COMMERCIAL" definition="Used for products targeted for a place of business."/>
<attValue code="30015462" text="RESIDENTIAL" definition="Used for products targeted for a home residence."/>
<attValue code="30002515" text="UNCLASSIFIED" definition="This term is used to describe those product attributes that are unable to be classified within their specific market; e.g. goat&apos;s cheese - goat&apos;s cheeses is often generically labelled and cannot be further classified."/>
<attValue code="30002518" text="UNIDENTIFIED" definition="This term is used to describe those product attributes that are unidentifiable given existing or available product information."/>
</attType>
<attType code="20002824" text="Type of Application" definition="">
<attValue code="30015460" text="INFORMATIONAL" definition="This term is used for products which convey or represent general information."/>
<attValue code="30015459" text="SAFETY" definition="This term is used for products which convey or represent safety information."/>
<attValue code="30002515" text="UNCLASSIFIED" definition="This term is used to describe those product attributes that are unable to be classified within their specific market; e.g. goat&apos;s cheese - goat&apos;s cheeses is often generically labelled and cannot be further classified."/>
<attValue code="30002518" text="UNIDENTIFIED" definition="This term is used to describe those product attributes that are unidentifiable given existing or available product information."/>
</attType>
</brick>
<brick code="10006223" text="Signs, Preprinted" definition="Includes any products that can be described/observed as a printed sign which provides information, instructions, or decorative content. These signs have images or wording preprinted to convey their message. They may also be powered to provide lighting, such as neon. Specifically excludes products such as Unprinted Signs, Combination Signs, and powered digital signs where the users enters wording to be displayed.">
<attType code="20002241" text="If Powered" definition="Indicate, with reference to the product branding, labelling or packaging, the descriptive term that is used by the product manufacturer to identify whether the product is powered by electricity.">
<attValue code="30002960" text="NO" definition=""/>
<attValue code="30002518" text="UNIDENTIFIED" definition="This term is used to describe those product attributes that are unidentifiable given existing or available product information."/>
<attValue code="30002654" text="YES" definition=""/>
</attType>
<attType code="20001709" text="Target Use/Application" definition="Indicates, with reference to the product branding, labelling or packaging, the descriptive term that is used by the product manufacturer to identify the target use and/or application.">
<attValue code="30004660" text="ALL PURPOSE" definition=""/>
<attValue code="30015461" text="COMMERCIAL" definition="Used for products targeted for a place of business."/>
<attValue code="30015462" text="RESIDENTIAL" definition="Used for products targeted for a home residence."/>
<attValue code="30002515" text="UNCLASSIFIED" definition="This term is used to describe those product attributes that are unable to be classified within their specific market; e.g. goat&apos;s cheese - goat&apos;s cheeses is often generically labelled and cannot be further classified."/>
<attValue code="30002518" text="UNIDENTIFIED" definition="This term is used to describe those product attributes that are unidentifiable given existing or available product information."/>
</attType>
<attType code="20002824" text="Type of Application" definition="">
<attValue code="30015460" text="INFORMATIONAL" definition="This term is used for products which convey or represent general information."/>
<attValue code="30015459" text="SAFETY" definition="This term is used for products which convey or represent safety information."/>
<attValue code="30002515" text="UNCLASSIFIED" definition="This term is used to describe those product attributes that are unable to be classified within their specific market; e.g. goat&apos;s cheese - goat&apos;s cheeses is often generically labelled and cannot be further classified."/>
<attValue code="30002518" text="UNIDENTIFIED" definition="This term is used to describe those product attributes that are unidentifiable given existing or available product information."/>
</attType>
</brick>
<brick code="10006224" text="Signs, Unprinted" definition="Includes any products that can be described/observed as an unprinted or blank sign which provides information, instructions, or decorative content. Images or wording can be placed on the sign to convey a message. The sign may have preprinted letters which can be arranged to convey the message. They may also be powered to provide lighting, such as back lighting. Includes powered digital signs where the users enters wording to be displayed.Specifically Excludes products such as Preprinted Signs, Combination Signs, and Neon Signs.">
<attType code="20002241" text="If Powered" definition="Indicate, with reference to the product branding, labelling or packaging, the descriptive term that is used by the product manufacturer to identify whether the product is powered by electricity.">
<attValue code="30002960" text="NO" definition=""/>
<attValue code="30002518" text="UNIDENTIFIED" definition="This term is used to describe those product attributes that are unidentifiable given existing or available product information."/>
<attValue code="30002654" text="YES" definition=""/>
</attType>
<attType code="20002825" text="Lettering" definition="The style or form of lettering or wording which is used present with the product. This lettering can be attached to the sign to provide information to readers of the sign.">
<attValue code="30015465" text="LETTER AND WORD TILES" definition="Letter and word tiles are solid pieces of material with letters or words on them. Use of multiple tiles will form words and phrases. These tiles may attached to the sign via magnets, hook and loop, pins, or other methods."/>
<attValue code="30015463" text="LETTER TILES" definition="Letter tiles are a solid piece of material with a letter on them. Use of multiple tiles will form words and phrases. These tiles may attached to the sign via magnets, hook and loop, pins, or other methods."/>
<attValue code="30012399" text="LETTERS" definition="Letters are a piece of material formed as a letter. Use of multiple letters will form words and phrases. Letters may attached to the sign via magnets, hook and loop, pins, or other methods."/>
<attValue code="30001694" text="NONE" definition=""/>
<attValue code="30002515" text="UNCLASSIFIED" definition="This term is used to describe those product attributes that are unable to be classified within their specific market; e.g. goat&apos;s cheese - goat&apos;s cheeses is often generically labelled and cannot be further classified."/>
<attValue code="30002518" text="UNIDENTIFIED" definition="This term is used to describe those product attributes that are unidentifiable given existing or available product information."/>
<attValue code="30015464" text="WORD TILES" definition="Word tiles are a solid piece of material with a word on them. Use of multiple tiles will form phrases. These tiles may attached to the sign via magnets, hook and loop, pins, or other methods."/>
</attType>
<attType code="20001709" text="Target Use/Application" definition="Indicates, with reference to the product branding, labelling or packaging, the descriptive term that is used by the product manufacturer to identify the target use and/or application.">
<attValue code="30004660" text="ALL PURPOSE" definition=""/>
<attValue code="30015461" text="COMMERCIAL" definition="Used for products targeted for a place of business."/>
<attValue code="30015462" text="RESIDENTIAL" definition="Used for products targeted for a home residence."/>
<attValue code="30002515" text="UNCLASSIFIED" definition="This term is used to describe those product attributes that are unable to be classified within their specific market; e.g. goat&apos;s cheese - goat&apos;s cheeses is often generically labelled and cannot be further classified."/>
<attValue code="30002518" text="UNIDENTIFIED" definition="This term is used to describe those product attributes that are unidentifiable given existing or available product information."/>
</attType>
<attType code="20002824" text="Type of Application" definition="">
<attValue code="30015460" text="INFORMATIONAL" definition="This term is used for products which convey or represent general information."/>
<attValue code="30015459" text="SAFETY" definition="This term is used for products which convey or represent safety information."/>
<attValue code="30002515" text="UNCLASSIFIED" definition="This term is used to describe those product attributes that are unable to be classified within their specific market; e.g. goat&apos;s cheese - goat&apos;s cheeses is often generically labelled and cannot be further classified."/>
<attValue code="30002518" text="UNIDENTIFIED" definition="This term is used to describe those product attributes that are unidentifiable given existing or available product information."/>
</attType>
</brick>
</class>
</family>
</segment>
</schema></gpc:gs1Schema></eanucc:message></sh:StandardBusinessDocument>
