<?xml version="1.0" encoding="UTF-8"?>  <sh:StandardBusinessDocument xmlns:sh="http://www.unece.org/cefact/namespaces/StandardBusinessDocumentHeader" xmlns:eanucc="urn:ean.ucc:2" xmlns:gpc="urn:ean.ucc:gpc:2" xmlns:xsi="http://www.w3.org/2001/XMLSchema-instance" xsi:schemaLocation="http://www.unece.org/cefact/namespaces/StandardBusinessDocumentHeader ../Schemas/sbdh/StandardBusinessDocumentHeader.xsd urn:ean.ucc:2 ../Schemas/Gs1SchemaProxy.xsd"> 	<sh:StandardBusinessDocumentHeader> 		<sh:HeaderVersion>2.2</sh:HeaderVersion> 		<sh:Sender> 			<sh:Identifier Authority="GS1">0000000000000</sh:Identifier> 			<sh:ContactInformation> 				<sh:Contact>Mike Mowad</sh:Contact> 				<sh:EmailAddress>gsmp@gs1.org</sh:EmailAddress> 				<sh:FaxNumber>+1 609-557-4599</sh:FaxNumber> 				<sh:TelephoneNumber>+1 609-557-4568</sh:TelephoneNumber> 				<sh:ContactTypeIdentifier></sh:ContactTypeIdentifier> 			</sh:ContactInformation> 		</sh:Sender> 		<sh:Receiver> 			<sh:Identifier Authority="GS1">0000000000000</sh:Identifier> 			<sh:ContactInformation> 				<sh:Contact>Mike Mowad</sh:Contact> 				<sh:EmailAddress>gsmp@gs1.org</sh:EmailAddress> 				<sh:FaxNumber>+1 609-557-4599</sh:FaxNumber> 				<sh:TelephoneNumber>+1 609-557-4568</sh:TelephoneNumber> 				<sh:ContactTypeIdentifier></sh:ContactTypeIdentifier> 			</sh:ContactInformation> 		</sh:Receiver> 		<sh:DocumentIdentification> 			<sh:Standard>GS1</sh:Standard> 			<sh:TypeVersion>2.0.2</sh:TypeVersion> 			<sh:InstanceIdentifier>100003</sh:InstanceIdentifier> 			<sh:Type>Gs1Schema</sh:Type> 			<sh:MultipleType>false</sh:MultipleType> 			<sh:CreationDateAndTime>2005-09-19T12:00:01.000</sh:CreationDateAndTime> 		</sh:DocumentIdentification> 	</sh:StandardBusinessDocumentHeader> 	<eanucc:message> 		<entityIdentification> 			<uniqueCreatorIdentification>MSG-123-20050919</uniqueCreatorIdentification> 			<contentOwner> 				<gln>0000000000000</gln> 			</contentOwner> 		</entityIdentification> 		<gpc:gs1Schema xsi:schemaLocation="urn:ean.ucc:2 ../Schemas/Gs1SchemaProxy.xsd"> <schema> <currentVersion>as at 01052021 EN</currentVersion> <previousVersion></previousVersion>
<segment code="88000000" text="Lubricants" definition="">
<family code="88030000" text="Lubricants Variety Packs" definition="">
<class code="88030100" text="Lubricants Variety Packs" definition="">
<brick code="10005356" text="Lubricants Variety Packs" definition="Includes any products than can be described/observed as two or more distinct Lubricant products sold together, which exist within the schema belonging to different Families, that is two or more products contained within the same pack which cross Families within the Lubricants Segment. Includes products such as Brake Oil and an Oil Pump sold together. Items that are received free with purchases should be removed from the classification decision-making process. Excludes products such as Engine Oil with Antifreeze and Drain Pan with an Oil Pump variety packs.">
</brick>
</class>
</family>
<family code="88010000" text="Lubricants/Protective Compounds" definition="">
<class code="88010100" text="Lubricating Products" definition="">
<brick code="10005268" text="Lubricating Greases" definition="Includes any products that can be described/observed as an oily, viscous, semisolid substance, which is interposed between two or more surfaces to control/reduce friction and wear. By creating a film between parts of a machine, these products enable moving surfaces to move more easily against one another. Typically these products are used when heavy pressures are applied to the surfaces and movements are discontinuous, due to their sticking and adhering qualities. Includes products such as such as Wool Grease and Silicone Based Greases. Excludes products such as Liquid/Oil and Wax Lubricants and Anti-corrosives.">
<attType code="20002273" text="Type of Lubricant Application" definition="Indicates, with reference to the product branding, labelling or packaging, the descriptive term that is used by the product manufacturer to identify where the lubricant is applied/used.">
<attValue code="30011919" text="FLUOROPOLYMER BASED" definition=""/>
<attValue code="30011920" text="LITHIUM BASED" definition=""/>
<attValue code="30011918" text="SILICONE BASED" definition=""/>
<attValue code="30011942" text="TEFLON BASED" definition=""/>
<attValue code="30002515" text="UNCLASSIFIED" definition="This term is used to describe those product attributes that are unable to be classified within their specific market; e.g. goat&apos;s cheese - goat&apos;s cheeses is often generically labelled and cannot be further classified."/>
<attValue code="30002518" text="UNIDENTIFIED" definition="This term is used to describe those product attributes that are unidentifiable given existing or available product information."/>
<attValue code="30005044" text="WOOL" definition=""/>
</attType>
</brick>
<brick code="10005267" text="Lubricating Oils/Fluids" definition="Includes any products that can be described/observed as a liquid or oil which is interposed between two or more surfaces to control/reduce friction and wear. By creating a film between parts of a machine, these products enable moving surfaces to move more easily against one another. Includes products such as Brake Oil and Spindle Oil. Specifically excludes Edible Oils of vegetable and animal origins, Automotive Transmission Fluid and Detergent Oil. Excludes products such as Lubricants that are specifically a Fuel Additive, Greases and Anti-corrosives.">
<attType code="20002872" text="Number of Strokes" definition="Indicates, with reference to the product branding, labelling or packaging, the descriptive term that is used by the product manufacturer to identify the internal combustion engine design by the number of piston strokes used that this oil/lubricate is for.">
<attValue code="30015791" text="2 STROKES" definition=""/>
<attValue code="30015792" text="4 STROKES" definition=""/>
<attValue code="30015793" text="ROTATION" definition=""/>
<attValue code="30002515" text="UNCLASSIFIED" definition="This term is used to describe those product attributes that are unable to be classified within their specific market; e.g. goat&apos;s cheese - goat&apos;s cheeses is often generically labelled and cannot be further classified."/>
<attValue code="30002518" text="UNIDENTIFIED" definition="This term is used to describe those product attributes that are unidentifiable given existing or available product information."/>
</attType>
<attType code="20002870" text="Oil Type" definition="Indicates, with reference to the product branding, labelling or packaging, the descriptive term that is used by the product manufacturer to identify the type of oil or lubricate.">
<attValue code="30000720" text="COMBINATION" definition=""/>
<attValue code="30014347" text="MINERAL" definition=""/>
<attValue code="30010879" text="SYNTHETIC" definition=""/>
<attValue code="30002515" text="UNCLASSIFIED" definition="This term is used to describe those product attributes that are unable to be classified within their specific market; e.g. goat&apos;s cheese - goat&apos;s cheeses is often generically labelled and cannot be further classified."/>
<attValue code="30002518" text="UNIDENTIFIED" definition="This term is used to describe those product attributes that are unidentifiable given existing or available product information."/>
</attType>
<attType code="20001709" text="Target Use/Application" definition="Indicates, with reference to the product branding, labelling or packaging, the descriptive term that is used by the product manufacturer to identify the target use and/or application.">
<attValue code="30015781" text="AGRICULTURAL" definition=""/>
<attValue code="30015782" text="AUTOMOTIVE" definition=""/>
<attValue code="30011809" text="AVIATION" definition=""/>
<attValue code="30015783" text="CHEMICAL INDUSTRY" definition=""/>
<attValue code="30015784" text="FOOD INDUSTRY" definition=""/>
<attValue code="30015785" text="GARDENING" definition=""/>
<attValue code="30015786" text="HYDRALIC INDUSTRY" definition=""/>
<attValue code="30012651" text="MARINE ENVIRONMENT" definition=""/>
<attValue code="30015788" text="MOTORCYCLE/SCOOTER" definition=""/>
<attValue code="30015787" text="OTHER INDUSTRY" definition=""/>
<attValue code="30015789" text="PHARMACEUTICAL INDUSTRY" definition=""/>
<attValue code="30015790" text="TRANSPORTATION INDUSTRY" definition=""/>
<attValue code="30002515" text="UNCLASSIFIED" definition="This term is used to describe those product attributes that are unable to be classified within their specific market; e.g. goat&apos;s cheese - goat&apos;s cheeses is often generically labelled and cannot be further classified."/>
<attValue code="30002518" text="UNIDENTIFIED" definition="This term is used to describe those product attributes that are unidentifiable given existing or available product information."/>
</attType>
<attType code="20002871" text="Type of Engine Oil Target" definition="Indicates, with reference to the product branding, labelling or packaging, the descriptive term that is used by the product manufacturer to identify the type of engine oil target for the lubricate.">
<attValue code="30000720" text="COMBINATION" definition=""/>
<attValue code="30011810" text="DIESEL" definition=""/>
<attValue code="30010066" text="PETROL/GASOLINE" definition=""/>
<attValue code="30002515" text="UNCLASSIFIED" definition="This term is used to describe those product attributes that are unable to be classified within their specific market; e.g. goat&apos;s cheese - goat&apos;s cheeses is often generically labelled and cannot be further classified."/>
<attValue code="30002518" text="UNIDENTIFIED" definition="This term is used to describe those product attributes that are unidentifiable given existing or available product information."/>
</attType>
<attType code="20002273" text="Type of Lubricant Application" definition="Indicates, with reference to the product branding, labelling or packaging, the descriptive term that is used by the product manufacturer to identify where the lubricant is applied/used.">
<attValue code="30011997" text="ANTI-SEIZE" definition=""/>
<attValue code="30011913" text="BAR/CHAIN" definition=""/>
<attValue code="30011903" text="BRAKE" definition=""/>
<attValue code="30000720" text="COMBINATION" definition=""/>
<attValue code="30011901" text="CUTTING" definition=""/>
<attValue code="30011900" text="ENGINE" definition=""/>
<attValue code="30011915" text="GEAR" definition=""/>
<attValue code="30011909" text="HYDRAULIC" definition=""/>
<attValue code="30015583" text="PROFESSIONAL INSTRUMENTS" definition="Includes non-silicone, oil based lubricants formulated to protect professional instruments."/>
<attValue code="30004166" text="PUMP" definition=""/>
<attValue code="30011905" text="QUENCHING" definition=""/>
<attValue code="30011916" text="ROLLING" definition=""/>
<attValue code="30011910" text="SPINDLE" definition=""/>
<attValue code="30011911" text="STRAIGHT" definition=""/>
<attValue code="30011902" text="TRANSFORMER" definition=""/>
<attValue code="30011904" text="TRANSMISSION" definition=""/>
<attValue code="30011908" text="TURBINE" definition=""/>
<attValue code="30002515" text="UNCLASSIFIED" definition="This term is used to describe those product attributes that are unable to be classified within their specific market; e.g. goat&apos;s cheese - goat&apos;s cheeses is often generically labelled and cannot be further classified."/>
<attValue code="30002518" text="UNIDENTIFIED" definition="This term is used to describe those product attributes that are unidentifiable given existing or available product information."/>
<attValue code="30010163" text="VACUUM" definition=""/>
<attValue code="30011906" text="WATCH" definition=""/>
<attValue code="30011958" text="WATER DISPERSANT" definition=""/>
<attValue code="30011912" text="WAY" definition=""/>
<attValue code="30011914" text="WEAPON" definition=""/>
</attType>
<attType code="20002869" text="Viscosity Rating Indication or Related Standard" definition="Indicates, with reference to the product branding, labelling or packaging, the descriptive term that is used by the product manufacturer to identify the viscosity rating or related standard of the lubricate product.">
<attValue code="30015751" text="0W20" definition=""/>
<attValue code="30015752" text="0W30" definition=""/>
<attValue code="30015753" text="0W40" definition=""/>
<attValue code="30015754" text="0W50" definition=""/>
<attValue code="30015758" text="10W20" definition=""/>
<attValue code="30015759" text="10W30" definition=""/>
<attValue code="30015760" text="10W40" definition=""/>
<attValue code="30015761" text="15W20" definition=""/>
<attValue code="30015762" text="15W30" definition=""/>
<attValue code="30015763" text="15W40" definition=""/>
<attValue code="30015764" text="20W40" definition=""/>
<attValue code="30015765" text="20W50" definition=""/>
<attValue code="30015755" text="5W20" definition=""/>
<attValue code="30015756" text="5W30" definition=""/>
<attValue code="30015757" text="5W40" definition=""/>
<attValue code="30017882" text="5W50" definition=""/>
<attValue code="30015766" text="75W80" definition=""/>
<attValue code="30015767" text="75W90" definition=""/>
<attValue code="30015770" text="80W110" definition=""/>
<attValue code="30015768" text="80W85" definition=""/>
<attValue code="30015769" text="80W90" definition=""/>
<attValue code="30015771" text="85W110" definition=""/>
<attValue code="30015772" text="85W140" definition=""/>
<attValue code="30015779" text="ISO OTHER" definition="ISO viscosity rating other than the ones identified for this attribute."/>
<attValue code="30015778" text="ISO VG 32/46/68" definition=""/>
<attValue code="30015776" text="ISO VG46" definition=""/>
<attValue code="30015777" text="ISO VG68" definition=""/>
<attValue code="30015780" text="OTHER STANDARD" definition="This product uses a standard other than ISO."/>
<attValue code="30015773" text="SAE 30" definition=""/>
<attValue code="30015774" text="SAE 40" definition=""/>
<attValue code="30015775" text="SAE 50" definition=""/>
</attType>
</brick>
<brick code="10005270" text="Lubricating Products Variety Packs" definition="Includes any products than can be described/observed as two or more distinct Lubricating Products sold together, which exist within the schema belonging to different bricks but to the same Class, that is two or more products contained within the same pack which cross Bricks within the Lubricating Products Class. Includes products such as Water Dispersant and Wool Grease sold together. Items that are received free with purchases should be removed from the classification decision-making process. Excludes products such as Lubricating Oils with Anti-corrosive additives, Lubricating Wax with Anti-spatter variety packs and Engine Oil and Antifreeze variety packs.">
</brick>
<brick code="10005269" text="Lubricating Waxes" definition="Includes any products that can be described/observed as a waxy substance, which is applied to the surface of a tool, machine, work surface or fastening to reduce friction and wear and provide a protective barrier. Typically these products are applied to tools used to cut, drill, saw and sand wood. Includes products such as such as wax applied to zippers on a marine vessel. Specifically excludes Bees Wax and Wax Polishes. Excludes products such as Lubricating Oils and Greases and Candle Wax.">
</brick>
</class>
<class code="88010200" text="Protective Compounds" definition="">
<brick code="10005273" text="Anti-corrosives" definition="Includes any products that can be described/observed as a chemical substance which stops or slows down the corrosion or rusting of metals and alloys. They provide a protective film or barrier against the damaging effects from moisture, air, detergents and other contaminates. Includes products such as Rust Removers. Specifically excludes Anti-corrosive Paints and Lubricants with anti-corrosive properties/benefits. Excludes products such as Corrosion Inhibiting Fuel Additives, Water Dispersants and Sealants.">
</brick>
<brick code="10005272" text="Antifreeze/Coolants" definition="Includes any products that can be described/observed as a liquid preparation which is added to the water or other liquid in a cooling system, to lower its freezing point and/or increase the temperature at which it boils. Includes products such as coolants used in welding equipment. Specifically excludes automotive anti-freeze and coolant. Excludes products such as Anti-spatter and Anti-corrosives products, Lubricating Oils, Fluids and Greases.">
<attType code="20002274" text="Type of Antifreeze/Coolant" definition="Indicates, with reference to the product branding, labelling or packaging, the descriptive term that is used by the product manufacturer to identify the type of antifreeze/coolant.">
<attValue code="30011941" text="DIETHYLENE GLYCOL" definition=""/>
<attValue code="30011922" text="ETHYLENE GLYCOL" definition=""/>
<attValue code="30011921" text="PROPYLENE GLYCOL" definition=""/>
<attValue code="30002515" text="UNCLASSIFIED" definition="This term is used to describe those product attributes that are unable to be classified within their specific market; e.g. goat&apos;s cheese - goat&apos;s cheeses is often generically labelled and cannot be further classified."/>
<attValue code="30002518" text="UNIDENTIFIED" definition="This term is used to describe those product attributes that are unidentifiable given existing or available product information."/>
</attType>
</brick>
<brick code="10005321" text="Anti-spatter Products" definition="Includes any products that can be described/observed as chemical preparation that is used on materials which are being welded to protect them from welding spatters sticking on their surface. These products are also used to keep nozzles and other elements of welding torches clean and prolong their life. Includes products such as pastes and liquid sprays. Excludes products such as Anti-corrosives, Coolants, Lubricating Oils, Fluids, Waxes and Greases.">
<attType code="20000352" text="Formation" definition="Indicates, with reference to the product branding, labelling or packaging, the descriptive term that is used by the product manufacturer to identify the state in which the product is sold.">
<attValue code="30000077" text="CREAM" definition="This term is used to describe cream which contains equal parts water and oil."/>
<attValue code="30001448" text="LIQUID" definition=""/>
<attValue code="30001779" text="PASTE" definition=""/>
<attValue code="30002515" text="UNCLASSIFIED" definition="This term is used to describe those product attributes that are unable to be classified within their specific market; e.g. goat&apos;s cheese - goat&apos;s cheeses is often generically labelled and cannot be further classified."/>
<attValue code="30002518" text="UNIDENTIFIED" definition="This term is used to describe those product attributes that are unidentifiable given existing or available product information."/>
</attType>
</brick>
<brick code="10005275" text="Protective Compounds Variety Packs" definition="Includes any products than can be described/observed as two or more distinct Protective Compound products sold together, which exist within the schema belonging to different bricks but to the same Class, that is two or more products contained within the same pack which cross Bricks within the Protective Compounds Class. Includes products such as Anti-corrosive and Anti-spatter products sold together. Items that are received free with purchases should be removed from the classification decision-making process. Excludes products such as Antifreeze with Anti-corrosive additives and Engine Oil and Antifreeze variety packs.">
</brick>
</class>
<class code="88010500" text="Lubricants/Protective Compounds Variety Packs" definition="">
<brick code="10005283" text="Lubricants/Protective Compounds Variety Packs" definition="Includes any products than can be described/observed as two or more distinct Lubricants/Protective Compounds products sold together which exist within the schema but belong to different Classes, that is two or more products contained within the same pack which cross Classes within the Lubricants/Protective Compounds Family. Includes products such as Engine Oil and Antifreeze sold together. Items that are received free with purchases should be removed from the classification decision-making process. Excludes products such as a Lubricating Grease with a Water Dispersant and Antifreeze with Anti-spatter variety packs.">
</brick>
</class>
</family>
<family code="88020000" text="Lubricants/Protective Compounds Storage/Transfer" definition="">
<class code="88020100" text="Lubricating Oil/Fluid Pumps" definition="">
<brick code="10005281" text="Lubricating Oil/Fluid Pumps (Non Powered)" definition="Includes any products that can be described/observed as a non-powered pump that has been specifically designed for the raising, compressing and/or transferring of lubricating oils/fluids. Includes products such as lever action pumps. Specifically excludes oil pumps that are a component of an engine/motor or generator. Excludes products such as Powered Oil/Fluid Pumps, Fuel Pumps and Pumps not specifically designed for use with Lubricants.">
<attType code="20002267" text="Type of Pump" definition="Indicates, with reference to the product branding, labelling or packaging, the descriptive term that is used by the product manufacturer to identify the type of pump.">
<attValue code="30008947" text="LEVER ACTION" definition=""/>
<attValue code="30011896" text="LIFTING/PLUNGE" definition=""/>
<attValue code="30011943" text="PISTON" definition=""/>
<attValue code="30011890" text="ROTARY PUMP" definition=""/>
<attValue code="30011889" text="SIPHON" definition=""/>
<attValue code="30002515" text="UNCLASSIFIED" definition="This term is used to describe those product attributes that are unable to be classified within their specific market; e.g. goat&apos;s cheese - goat&apos;s cheeses is often generically labelled and cannot be further classified."/>
<attValue code="30002518" text="UNIDENTIFIED" definition="This term is used to describe those product attributes that are unidentifiable given existing or available product information."/>
</attType>
</brick>
<brick code="10005282" text="Lubricating Oil/Fluid Pumps (Powered)" definition="Includes any products that can be described/observed as a powered pump that has been specifically designed for the raising, compressing and/or transferring of lubricating oils/fluids. Includes products such as battery powered Siphons Specifically excludes oil pumps that are a component of an engine/motor or generator. Excludes products such as Non-powered Oil/Fluid Pumps, Fuel Pumps and Pumps not specifically designed for use with Lubricants.">
<attType code="20000787" text="Power Source" definition="Indicates, with reference to the product branding, labelling or packaging, the descriptive term that is used by the product manufacturer to identify different types of power source.">
<attValue code="30000289" text="BATTERY" definition=""/>
<attValue code="30011685" text="COMPRESSED GAS" definition=""/>
<attValue code="30009416" text="MAINS ELECTRICITY" definition=""/>
<attValue code="30002515" text="UNCLASSIFIED" definition="This term is used to describe those product attributes that are unable to be classified within their specific market; e.g. goat&apos;s cheese - goat&apos;s cheeses is often generically labelled and cannot be further classified."/>
<attValue code="30002518" text="UNIDENTIFIED" definition="This term is used to describe those product attributes that are unidentifiable given existing or available product information."/>
</attType>
<attType code="20002267" text="Type of Pump" definition="Indicates, with reference to the product branding, labelling or packaging, the descriptive term that is used by the product manufacturer to identify the type of pump.">
<attValue code="30011896" text="LIFTING/PLUNGE" definition=""/>
<attValue code="30011943" text="PISTON" definition=""/>
<attValue code="30011890" text="ROTARY PUMP" definition=""/>
<attValue code="30011889" text="SIPHON" definition=""/>
<attValue code="30002515" text="UNCLASSIFIED" definition="This term is used to describe those product attributes that are unable to be classified within their specific market; e.g. goat&apos;s cheese - goat&apos;s cheeses is often generically labelled and cannot be further classified."/>
<attValue code="30002518" text="UNIDENTIFIED" definition="This term is used to describe those product attributes that are unidentifiable given existing or available product information."/>
</attType>
</brick>
</class>
<class code="88020200" text="Lubricants/Protective Compounds Storage" definition="">
<brick code="10005277" text="Drain Pans" definition="Includes any products that can be described/observed as a tray or pan that has been specifically designed for the safe collection and recovery of used oil and other lubricating fluids. Includes products such as plastic drain pans with a pouring spout. Specifically excludes drip trays used to collect drips and spillages from beverages. Excludes products such as Lubricant and Fuel Storage Containers, Funnels and Spouts.">
<attType code="20000794" text="Type of Material" definition="Indicates, with reference to the product branding, labelling or packaging, the descriptive term that is used by the product manufacturer to identify the type of material from which the product is made.">
<attValue code="30004052" text="METAL" definition=""/>
<attValue code="30004152" text="PLASTIC" definition="Plastic is a material consisting of any of a wide range of synthetic or semi-synthetic organics that are malleable and can be molded into solid objects of diverse shapes. Plastics are typically organic polymers of high molecular mass, but they often contain other substances. They are usually synthetic, most commonly derived from petrochemicals, but many are partially natural. Plasticity is the general property of all materials that are able to irreversibly deform without breaking, but this occurs to such a degree with this class of moldable polymers that their name is an emphasis on this ability."/>
<attValue code="30002515" text="UNCLASSIFIED" definition="This term is used to describe those product attributes that are unable to be classified within their specific market; e.g. goat&apos;s cheese - goat&apos;s cheeses is often generically labelled and cannot be further classified."/>
<attValue code="30002518" text="UNIDENTIFIED" definition="This term is used to describe those product attributes that are unidentifiable given existing or available product information."/>
</attType>
<attType code="20002271" text="With/Without Spout" definition="Indicates, with reference to the product branding, labelling or packaging, the descriptive term that is used by the product manufacturer to identify whether or not the product has a spout.">
<attValue code="30002518" text="UNIDENTIFIED" definition="This term is used to describe those product attributes that are unidentifiable given existing or available product information."/>
<attValue code="30011892" text="WITH SPOUT" definition=""/>
<attValue code="30011893" text="WITHOUT SPOUT" definition=""/>
</attType>
</brick>
<brick code="10005276" text="Lubricant Containers/Dispensers (Empty)" definition="Includes any products that can be described/observed as an empty storage container or device, which has been specifically designed to be refillable and hold and/or dispense lubricants. Includes products such as Oil Drums and Cans. Specifically excludes containers designed for the storage of fuels. Excludes products such as Drain Pans, fuel Containers and Bottles and Edible Oil Storage Bottles.">
<attType code="20000794" text="Type of Material" definition="Indicates, with reference to the product branding, labelling or packaging, the descriptive term that is used by the product manufacturer to identify the type of material from which the product is made.">
<attValue code="30004052" text="METAL" definition=""/>
<attValue code="30006990" text="NYLON" definition=""/>
<attValue code="30004152" text="PLASTIC" definition="Plastic is a material consisting of any of a wide range of synthetic or semi-synthetic organics that are malleable and can be molded into solid objects of diverse shapes. Plastics are typically organic polymers of high molecular mass, but they often contain other substances. They are usually synthetic, most commonly derived from petrochemicals, but many are partially natural. Plasticity is the general property of all materials that are able to irreversibly deform without breaking, but this occurs to such a degree with this class of moldable polymers that their name is an emphasis on this ability."/>
<attValue code="30002515" text="UNCLASSIFIED" definition="This term is used to describe those product attributes that are unable to be classified within their specific market; e.g. goat&apos;s cheese - goat&apos;s cheeses is often generically labelled and cannot be further classified."/>
<attValue code="30002518" text="UNIDENTIFIED" definition="This term is used to describe those product attributes that are unidentifiable given existing or available product information."/>
</attType>
<attType code="20002271" text="With/Without Spout" definition="Indicates, with reference to the product branding, labelling or packaging, the descriptive term that is used by the product manufacturer to identify whether or not the product has a spout.">
<attValue code="30002518" text="UNIDENTIFIED" definition="This term is used to describe those product attributes that are unidentifiable given existing or available product information."/>
<attValue code="30011892" text="WITH SPOUT" definition=""/>
<attValue code="30011893" text="WITHOUT SPOUT" definition=""/>
</attType>
</brick>
<brick code="10005280" text="Lubricants/Protective Compounds Storage Variety Packs" definition="Includes any products than can be described/observed as two or more distinct Lubricant/Protective Compound Storage products sold together, which exist within the schema belonging to different bricks but to the same Class, that is two or more products contained within the same pack which cross Bricks within the Lubricants/Protective Compounds Storage Class. Includes products such as an Empty Oil Can and Drain Pan sold together. Items that are received free with purchases should be removed from the classification decision-making process. Excludes products such as Engine Oil and Drain Pan variety packs.">
</brick>
</class>
</family>
</segment>
</schema></gpc:gs1Schema></eanucc:message></sh:StandardBusinessDocument>
