<?xml version="1.0" encoding="UTF-8"?> <sh:StandardBusinessDocument xmlns:sh="http://www.unece.org/cefact/namespaces/StandardBusinessDocumentHeader" xmlns:eanucc="urn:ean.ucc:2" xmlns:gpc="urn:ean.ucc:gpc:2" xmlns:xsi="http://www.w3.org/2001/XMLSchema-instance" xsi:schemaLocation="http://www.unece.org/cefact/namespaces/StandardBusinessDocumentHeader ../Schemas/sbdh/StandardBusinessDocumentHeader.xsd urn:ean.ucc:2 ../Schemas/Gs1SchemaProxy.xsd"> 	<sh:StandardBusinessDocumentHeader> 		<sh:HeaderVersion>2.2</sh:HeaderVersion> 		<sh:Sender> 			<sh:Identifier Authority="GS1">0000000000000</sh:Identifier> 			<sh:ContactInformation> 				<sh:Contact>Mike Mowad</sh:Contact> 				<sh:EmailAddress>gsmp@gs1.org</sh:EmailAddress> 				<sh:FaxNumber>+1 609-557-4599</sh:FaxNumber> 				<sh:TelephoneNumber>+1 609-557-4568</sh:TelephoneNumber> 				<sh:ContactTypeIdentifier></sh:ContactTypeIdentifier> 			</sh:ContactInformation> 		</sh:Sender> 		<sh:Receiver> 			<sh:Identifier Authority="GS1">0000000000000</sh:Identifier> 			<sh:ContactInformation> 				<sh:Contact>Mike Mowad</sh:Contact> 				<sh:EmailAddress>gsmp@gs1.org</sh:EmailAddress> 				<sh:FaxNumber>+1 609-557-4599</sh:FaxNumber> 				<sh:TelephoneNumber>+1 609-557-4568</sh:TelephoneNumber> 				<sh:ContactTypeIdentifier></sh:ContactTypeIdentifier> 			</sh:ContactInformation> 		</sh:Receiver> 		<sh:DocumentIdentification> 			<sh:Standard>GS1</sh:Standard> 			<sh:TypeVersion>2.0.2</sh:TypeVersion> 			<sh:InstanceIdentifier>100003</sh:InstanceIdentifier> 			<sh:Type>Gs1Delta</sh:Type> 			<sh:MultipleType>false</sh:MultipleType> 			<sh:CreationDateAndTime>2005-09-19T12:00:01.000</sh:CreationDateAndTime> 		</sh:DocumentIdentification> 	</sh:StandardBusinessDocumentHeader> 	<eanucc:message> 		<entityIdentification> 			<uniqueCreatorIdentification>MSG-123-20050919</uniqueCreatorIdentification> 			<contentOwner> 				<gln>0000000000000</gln> 			</contentOwner> 		</entityIdentification> 		<gpc:gs1Delta xsi:schemaLocation="urn:ean.ucc:2 ../Schemas/Gs1SchemaProxy.xsd"> <delta> <currentVersion>as at 01052021 EN</currentVersion> <previousVersion>as at 01112020 EN</previousVersion> <deleteSunsetDate></deleteSunsetDate>
<additions>
<brickLevel>
<segment code="72000000" text="Home Appliances" definition="">
<family code="72020000" text="Small Domestic Appliances" definition="">
<class code="72020300" text="Laundry Care Appliances" definition="">
<brick code="10008120" text="Drying Racks and Mills Parts/Accessories" definition="Includes any products that may be described/observed as a part or accessories of a drying rack, mill, tower or line. Contains products such as protective covers, drying screens and ground anchors for drying racks and a variety of systems for attaching or hanging clothes. Excludes products such as Drying racks.">
</brick>
</class>
</family>
</segment>
<segment code="72000000" text="Home Appliances" definition="">
<family code="72020000" text="Small Domestic Appliances" definition="">
<class code="72020300" text="Laundry Care Appliances" definition="">
<brick code="10008121" text="Ironing Boards Replacement Parts/Accessories" definition="Includes any products that may be described/observed as a part or accessories of an ironing board. Contains products such as ironing board covers, coasters and blankets, sleeve boards and covers, cord guides, iron coasters. Excludes products such as Ironing boards.">
</brick>
</class>
</family>
</segment>
<segment code="72000000" text="Home Appliances" definition="">
<family code="72020000" text="Small Domestic Appliances" definition="">
<class code="72020400" text="Cleaning Appliances" definition="">
<brick code="10008138" text="Handheld Vacuum Cleaner" definition="Includes any products that may be described/observed as a miniature vacuum cleaner to clean up minor spills.&#160; Excludes Household Vacuum Cleaners, Robot Vacuum Cleaners, Ash Vacuum Cleaners, Ducted Vacuum Cleaners, Industrial Wet/Dry Construction Vacuum Cleaners and Garden Vacuums/Blowers.">
</brick>
</class>
</family>
</segment>
</brickLevel>
</additions>
<additions_move>
</additions_move>
<additions_move_modify>
</additions_move_modify>
<modifications>
</modifications>
<deletions>
<attributeTypeLevel>
<segment code="72000000" text="Home Appliances" definition="">
<family code="72020000" text="Small Domestic Appliances" definition="">
<class code="72020300" text="Laundry Care Appliances" definition="">
<brick code="10002023" text="Clothes Irons (Powered)" definition="Includes any products that may be described/observed as a hand-held electric appliance designed to be run over clean laundry to remove creases by the use of heat and weight and/or steam. Includes products such as cordless Irons and steam Irons. Excludes products such as Clothes Presses.">
<attType code="20000794" text="Type of Material" definition="Indicates, with reference to the product branding, labelling or packaging, the descriptive term that is used by the product manufacturer to identify the type of material from which the product is made.">
</attType>
</brick>
</class>
</family>
</segment>
<segment code="72000000" text="Home Appliances" definition="">
<family code="72020000" text="Small Domestic Appliances" definition="">
<class code="72020300" text="Laundry Care Appliances" definition="">
<brick code="10002025" text="Clothes Presses" definition="Includes any products that may be described/observed as a device consisting of two flat surfaces hinged together, between which clothes can be placed for the purpose of pressing out creases. Electric models offer varying temperatures and levels of downward pressure, and/or the application of steam. Includes products such as Table-Top Presses and Wall-Mounted Presses. Excludes products such as Ironing Boards.">
<attType code="20000794" text="Type of Material" definition="Indicates, with reference to the product branding, labelling or packaging, the descriptive term that is used by the product manufacturer to identify the type of material from which the product is made.">
</attType>
</brick>
</class>
</family>
</segment>
<segment code="72000000" text="Home Appliances" definition="">
<family code="72020000" text="Small Domestic Appliances" definition="">
<class code="72020300" text="Laundry Care Appliances" definition="">
<brick code="10002023" text="Clothes Irons (Powered)" definition="Includes any products that may be described/observed as a hand-held electric appliance designed to be run over clean laundry to remove creases by the use of heat and weight and/or steam. Includes products such as cordless Irons and steam Irons. Excludes products such as Clothes Presses.">
<attType code="20001116" text="Corded/Cordless" definition="Indicates, with reference to the product branding, labelling or packaging, the descriptive term that is used by the product manufacturer to identify whether the product is connected to a base unit or power supply by a cord.">
</attType>
</brick>
</class>
</family>
</segment>
<segment code="72000000" text="Home Appliances" definition="">
<family code="72020000" text="Small Domestic Appliances" definition="">
<class code="72020300" text="Laundry Care Appliances" definition="">
<brick code="10002023" text="Clothes Irons (Powered)" definition="Includes any products that may be described/observed as a hand-held electric appliance designed to be run over clean laundry to remove creases by the use of heat and weight and/or steam. Includes products such as cordless Irons and steam Irons. Excludes products such as Clothes Presses.">
<attType code="20001594" text="Type of Electrical Clothes Iron" definition="Indicates with reference to the product branding, labelling or packaging, the descriptive term that is used by the manufacturer to identify the type of product.">
</attType>
</brick>
</class>
</family>
</segment>
<segment code="72000000" text="Home Appliances" definition="">
<family code="72020000" text="Small Domestic Appliances" definition="">
<class code="72020300" text="Laundry Care Appliances" definition="">
<brick code="10002023" text="Clothes Irons (Powered)" definition="Includes any products that may be described/observed as a hand-held electric appliance designed to be run over clean laundry to remove creases by the use of heat and weight and/or steam. Includes products such as cordless Irons and steam Irons. Excludes products such as Clothes Presses.">
<attType code="20001596" text="If Travel" definition="Indicates with reference to the product branding, labelling or packaging, the descriptive term that is used by the manufacturer to identify whether the product is specifically designed to be suitable for travelling.">
</attType>
</brick>
</class>
</family>
</segment>
<segment code="72000000" text="Home Appliances" definition="">
<family code="72020000" text="Small Domestic Appliances" definition="">
<class code="72020300" text="Laundry Care Appliances" definition="">
<brick code="10002023" text="Clothes Irons (Powered)" definition="Includes any products that may be described/observed as a hand-held electric appliance designed to be run over clean laundry to remove creases by the use of heat and weight and/or steam. Includes products such as cordless Irons and steam Irons. Excludes products such as Clothes Presses.">
<attType code="20001597" text="If With Anti-scale" definition="Indicates with reference to the product branding, labelling or packaging, the descriptive term that is used by the manufacturer to identify if the product has been treated or equipped to resist the deposit of scale.">
</attType>
</brick>
</class>
</family>
</segment>
<segment code="72000000" text="Home Appliances" definition="">
<family code="72020000" text="Small Domestic Appliances" definition="">
<class code="72020300" text="Laundry Care Appliances" definition="">
<brick code="10002024" text="Ironing Boards (Powered)" definition="Includes any products that may be described/observed as a narrow board, often on collapsible supports, intended for ironing clothes. These products are electrically powered to provide extra functions, such as warming. Excludes products such as non-electric Ironing Boards and Clothes Presses.">
<attType code="20001598" text="Fan Assisted/Non Fan Assisted" definition="Indicates with reference to the product branding, labelling or packaging, the descriptive term that is used by the manufacturer to identify whether the product is fan assisted or not.">
</attType>
</brick>
</class>
</family>
</segment>
<segment code="72000000" text="Home Appliances" definition="">
<family code="72020000" text="Small Domestic Appliances" definition="">
<class code="72020300" text="Laundry Care Appliances" definition="">
<brick code="10002025" text="Clothes Presses" definition="Includes any products that may be described/observed as a device consisting of two flat surfaces hinged together, between which clothes can be placed for the purpose of pressing out creases. Electric models offer varying temperatures and levels of downward pressure, and/or the application of steam. Includes products such as Table-Top Presses and Wall-Mounted Presses. Excludes products such as Ironing Boards.">
<attType code="20001599" text="Type of Clothes Press" definition="Indicates with reference to the product branding, labelling or packaging, the descriptive term that is used by the manufacturer to identify the type of product.">
</attType>
</brick>
</class>
</family>
</segment>
<segment code="72000000" text="Home Appliances" definition="">
<family code="72020000" text="Small Domestic Appliances" definition="">
<class code="72020400" text="Cleaning Appliances" definition="">
<brick code="10002031" text="Steam Cleaners" definition="Includes any products that may be described/observed as an electrical appliance designed to clean floors and fabrics through the use of steam. Typically also uses brush heads and cleaning solution to achieve this. Includes products such as handheld and cylinder Cleaners. Excludes products such as Floor Polishers.">
<attType code="20001605" text="Type of Steam Cleaners" definition="Indicates with reference to the product branding, labelling or packaging, the descriptive term that is used by the manufacturer to identify the type of product.">
</attType>
</brick>
</class>
</family>
</segment>
</attributeTypeLevel>
<attributeValueLevel>
<segment code="72000000" text="Home Appliances" definition="">
<family code="72020000" text="Small Domestic Appliances" definition="">
<class code="72020300" text="Laundry Care Appliances" definition="">
<brick code="10002025" text="Clothes Presses" definition="Includes any products that may be described/observed as a device consisting of two flat surfaces hinged together, between which clothes can be placed for the purpose of pressing out creases. Electric models offer varying temperatures and levels of downward pressure, and/or the application of steam. Includes products such as Table-Top Presses and Wall-Mounted Presses. Excludes products such as Ironing Boards.">
<attType code="20001599" text="Type of Clothes Press" definition="Indicates with reference to the product branding, labelling or packaging, the descriptive term that is used by the manufacturer to identify the type of product.">
<attValue code="30000906" text="DRY" definition=""/>
</attType>
</brick>
</class>
</family>
</segment>
<segment code="72000000" text="Home Appliances" definition="">
<family code="72020000" text="Small Domestic Appliances" definition="">
<class code="72020300" text="Laundry Care Appliances" definition="">
<brick code="10002023" text="Clothes Irons (Powered)" definition="Includes any products that may be described/observed as a hand-held electric appliance designed to be run over clean laundry to remove creases by the use of heat and weight and/or steam. Includes products such as cordless Irons and steam Irons. Excludes products such as Clothes Presses.">
<attType code="20000794" text="Type of Material" definition="Indicates, with reference to the product branding, labelling or packaging, the descriptive term that is used by the product manufacturer to identify the type of material from which the product is made.">
<attValue code="30002515" text="UNCLASSIFIED" definition="This term is used to describe those product attributes that are unable to be classified within their specific market; e.g. goat&apos;s cheese - goat&apos;s cheeses is often generically labelled and cannot be further classified."/>
</attType>
</brick>
</class>
</family>
</segment>
<segment code="72000000" text="Home Appliances" definition="">
<family code="72020000" text="Small Domestic Appliances" definition="">
<class code="72020300" text="Laundry Care Appliances" definition="">
<brick code="10002023" text="Clothes Irons (Powered)" definition="Includes any products that may be described/observed as a hand-held electric appliance designed to be run over clean laundry to remove creases by the use of heat and weight and/or steam. Includes products such as cordless Irons and steam Irons. Excludes products such as Clothes Presses.">
<attType code="20001116" text="Corded/Cordless" definition="Indicates, with reference to the product branding, labelling or packaging, the descriptive term that is used by the product manufacturer to identify whether the product is connected to a base unit or power supply by a cord.">
<attValue code="30002515" text="UNCLASSIFIED" definition="This term is used to describe those product attributes that are unable to be classified within their specific market; e.g. goat&apos;s cheese - goat&apos;s cheeses is often generically labelled and cannot be further classified."/>
</attType>
</brick>
</class>
</family>
</segment>
<segment code="72000000" text="Home Appliances" definition="">
<family code="72020000" text="Small Domestic Appliances" definition="">
<class code="72020300" text="Laundry Care Appliances" definition="">
<brick code="10002023" text="Clothes Irons (Powered)" definition="Includes any products that may be described/observed as a hand-held electric appliance designed to be run over clean laundry to remove creases by the use of heat and weight and/or steam. Includes products such as cordless Irons and steam Irons. Excludes products such as Clothes Presses.">
<attType code="20001594" text="Type of Electrical Clothes Iron" definition="Indicates with reference to the product branding, labelling or packaging, the descriptive term that is used by the manufacturer to identify the type of product.">
<attValue code="30002515" text="UNCLASSIFIED" definition="This term is used to describe those product attributes that are unable to be classified within their specific market; e.g. goat&apos;s cheese - goat&apos;s cheeses is often generically labelled and cannot be further classified."/>
</attType>
</brick>
</class>
</family>
</segment>
<segment code="72000000" text="Home Appliances" definition="">
<family code="72020000" text="Small Domestic Appliances" definition="">
<class code="72020300" text="Laundry Care Appliances" definition="">
<brick code="10002023" text="Clothes Irons (Powered)" definition="Includes any products that may be described/observed as a hand-held electric appliance designed to be run over clean laundry to remove creases by the use of heat and weight and/or steam. Includes products such as cordless Irons and steam Irons. Excludes products such as Clothes Presses.">
<attType code="20001596" text="If Travel" definition="Indicates with reference to the product branding, labelling or packaging, the descriptive term that is used by the manufacturer to identify whether the product is specifically designed to be suitable for travelling.">
<attValue code="30002515" text="UNCLASSIFIED" definition="This term is used to describe those product attributes that are unable to be classified within their specific market; e.g. goat&apos;s cheese - goat&apos;s cheeses is often generically labelled and cannot be further classified."/>
</attType>
</brick>
</class>
</family>
</segment>
<segment code="72000000" text="Home Appliances" definition="">
<family code="72020000" text="Small Domestic Appliances" definition="">
<class code="72020300" text="Laundry Care Appliances" definition="">
<brick code="10002023" text="Clothes Irons (Powered)" definition="Includes any products that may be described/observed as a hand-held electric appliance designed to be run over clean laundry to remove creases by the use of heat and weight and/or steam. Includes products such as cordless Irons and steam Irons. Excludes products such as Clothes Presses.">
<attType code="20001597" text="If With Anti-scale" definition="Indicates with reference to the product branding, labelling or packaging, the descriptive term that is used by the manufacturer to identify if the product has been treated or equipped to resist the deposit of scale.">
<attValue code="30002515" text="UNCLASSIFIED" definition="This term is used to describe those product attributes that are unable to be classified within their specific market; e.g. goat&apos;s cheese - goat&apos;s cheeses is often generically labelled and cannot be further classified."/>
</attType>
</brick>
</class>
</family>
</segment>
<segment code="72000000" text="Home Appliances" definition="">
<family code="72020000" text="Small Domestic Appliances" definition="">
<class code="72020300" text="Laundry Care Appliances" definition="">
<brick code="10002024" text="Ironing Boards (Powered)" definition="Includes any products that may be described/observed as a narrow board, often on collapsible supports, intended for ironing clothes. These products are electrically powered to provide extra functions, such as warming. Excludes products such as non-electric Ironing Boards and Clothes Presses.">
<attType code="20001598" text="Fan Assisted/Non Fan Assisted" definition="Indicates with reference to the product branding, labelling or packaging, the descriptive term that is used by the manufacturer to identify whether the product is fan assisted or not.">
<attValue code="30002515" text="UNCLASSIFIED" definition="This term is used to describe those product attributes that are unable to be classified within their specific market; e.g. goat&apos;s cheese - goat&apos;s cheeses is often generically labelled and cannot be further classified."/>
</attType>
</brick>
</class>
</family>
</segment>
<segment code="72000000" text="Home Appliances" definition="">
<family code="72020000" text="Small Domestic Appliances" definition="">
<class code="72020300" text="Laundry Care Appliances" definition="">
<brick code="10002025" text="Clothes Presses" definition="Includes any products that may be described/observed as a device consisting of two flat surfaces hinged together, between which clothes can be placed for the purpose of pressing out creases. Electric models offer varying temperatures and levels of downward pressure, and/or the application of steam. Includes products such as Table-Top Presses and Wall-Mounted Presses. Excludes products such as Ironing Boards.">
<attType code="20000794" text="Type of Material" definition="Indicates, with reference to the product branding, labelling or packaging, the descriptive term that is used by the product manufacturer to identify the type of material from which the product is made.">
<attValue code="30002515" text="UNCLASSIFIED" definition="This term is used to describe those product attributes that are unable to be classified within their specific market; e.g. goat&apos;s cheese - goat&apos;s cheeses is often generically labelled and cannot be further classified."/>
</attType>
</brick>
</class>
</family>
</segment>
<segment code="72000000" text="Home Appliances" definition="">
<family code="72020000" text="Small Domestic Appliances" definition="">
<class code="72020300" text="Laundry Care Appliances" definition="">
<brick code="10002025" text="Clothes Presses" definition="Includes any products that may be described/observed as a device consisting of two flat surfaces hinged together, between which clothes can be placed for the purpose of pressing out creases. Electric models offer varying temperatures and levels of downward pressure, and/or the application of steam. Includes products such as Table-Top Presses and Wall-Mounted Presses. Excludes products such as Ironing Boards.">
<attType code="20001599" text="Type of Clothes Press" definition="Indicates with reference to the product branding, labelling or packaging, the descriptive term that is used by the manufacturer to identify the type of product.">
<attValue code="30002515" text="UNCLASSIFIED" definition="This term is used to describe those product attributes that are unable to be classified within their specific market; e.g. goat&apos;s cheese - goat&apos;s cheeses is often generically labelled and cannot be further classified."/>
</attType>
</brick>
</class>
</family>
</segment>
<segment code="72000000" text="Home Appliances" definition="">
<family code="72020000" text="Small Domestic Appliances" definition="">
<class code="72020400" text="Cleaning Appliances" definition="">
<brick code="10002031" text="Steam Cleaners" definition="Includes any products that may be described/observed as an electrical appliance designed to clean floors and fabrics through the use of steam. Typically also uses brush heads and cleaning solution to achieve this. Includes products such as handheld and cylinder Cleaners. Excludes products such as Floor Polishers.">
<attType code="20001605" text="Type of Steam Cleaners" definition="Indicates with reference to the product branding, labelling or packaging, the descriptive term that is used by the manufacturer to identify the type of product.">
<attValue code="30002515" text="UNCLASSIFIED" definition="This term is used to describe those product attributes that are unable to be classified within their specific market; e.g. goat&apos;s cheese - goat&apos;s cheeses is often generically labelled and cannot be further classified."/>
</attType>
</brick>
</class>
</family>
</segment>
<segment code="72000000" text="Home Appliances" definition="">
<family code="72020000" text="Small Domestic Appliances" definition="">
<class code="72020300" text="Laundry Care Appliances" definition="">
<brick code="10002023" text="Clothes Irons (Powered)" definition="Includes any products that may be described/observed as a hand-held electric appliance designed to be run over clean laundry to remove creases by the use of heat and weight and/or steam. Includes products such as cordless Irons and steam Irons. Excludes products such as Clothes Presses.">
<attType code="20000794" text="Type of Material" definition="Indicates, with reference to the product branding, labelling or packaging, the descriptive term that is used by the product manufacturer to identify the type of material from which the product is made.">
<attValue code="30002518" text="UNIDENTIFIED" definition="This term is used to describe those product attributes that are unidentifiable given existing or available product information."/>
</attType>
</brick>
</class>
</family>
</segment>
<segment code="72000000" text="Home Appliances" definition="">
<family code="72020000" text="Small Domestic Appliances" definition="">
<class code="72020300" text="Laundry Care Appliances" definition="">
<brick code="10002023" text="Clothes Irons (Powered)" definition="Includes any products that may be described/observed as a hand-held electric appliance designed to be run over clean laundry to remove creases by the use of heat and weight and/or steam. Includes products such as cordless Irons and steam Irons. Excludes products such as Clothes Presses.">
<attType code="20001116" text="Corded/Cordless" definition="Indicates, with reference to the product branding, labelling or packaging, the descriptive term that is used by the product manufacturer to identify whether the product is connected to a base unit or power supply by a cord.">
<attValue code="30002518" text="UNIDENTIFIED" definition="This term is used to describe those product attributes that are unidentifiable given existing or available product information."/>
</attType>
</brick>
</class>
</family>
</segment>
<segment code="72000000" text="Home Appliances" definition="">
<family code="72020000" text="Small Domestic Appliances" definition="">
<class code="72020300" text="Laundry Care Appliances" definition="">
<brick code="10002023" text="Clothes Irons (Powered)" definition="Includes any products that may be described/observed as a hand-held electric appliance designed to be run over clean laundry to remove creases by the use of heat and weight and/or steam. Includes products such as cordless Irons and steam Irons. Excludes products such as Clothes Presses.">
<attType code="20001594" text="Type of Electrical Clothes Iron" definition="Indicates with reference to the product branding, labelling or packaging, the descriptive term that is used by the manufacturer to identify the type of product.">
<attValue code="30002518" text="UNIDENTIFIED" definition="This term is used to describe those product attributes that are unidentifiable given existing or available product information."/>
</attType>
</brick>
</class>
</family>
</segment>
<segment code="72000000" text="Home Appliances" definition="">
<family code="72020000" text="Small Domestic Appliances" definition="">
<class code="72020300" text="Laundry Care Appliances" definition="">
<brick code="10002024" text="Ironing Boards (Powered)" definition="Includes any products that may be described/observed as a narrow board, often on collapsible supports, intended for ironing clothes. These products are electrically powered to provide extra functions, such as warming. Excludes products such as non-electric Ironing Boards and Clothes Presses.">
<attType code="20001598" text="Fan Assisted/Non Fan Assisted" definition="Indicates with reference to the product branding, labelling or packaging, the descriptive term that is used by the manufacturer to identify whether the product is fan assisted or not.">
<attValue code="30002518" text="UNIDENTIFIED" definition="This term is used to describe those product attributes that are unidentifiable given existing or available product information."/>
</attType>
</brick>
</class>
</family>
</segment>
<segment code="72000000" text="Home Appliances" definition="">
<family code="72020000" text="Small Domestic Appliances" definition="">
<class code="72020300" text="Laundry Care Appliances" definition="">
<brick code="10002025" text="Clothes Presses" definition="Includes any products that may be described/observed as a device consisting of two flat surfaces hinged together, between which clothes can be placed for the purpose of pressing out creases. Electric models offer varying temperatures and levels of downward pressure, and/or the application of steam. Includes products such as Table-Top Presses and Wall-Mounted Presses. Excludes products such as Ironing Boards.">
<attType code="20000794" text="Type of Material" definition="Indicates, with reference to the product branding, labelling or packaging, the descriptive term that is used by the product manufacturer to identify the type of material from which the product is made.">
<attValue code="30002518" text="UNIDENTIFIED" definition="This term is used to describe those product attributes that are unidentifiable given existing or available product information."/>
</attType>
</brick>
</class>
</family>
</segment>
<segment code="72000000" text="Home Appliances" definition="">
<family code="72020000" text="Small Domestic Appliances" definition="">
<class code="72020300" text="Laundry Care Appliances" definition="">
<brick code="10002025" text="Clothes Presses" definition="Includes any products that may be described/observed as a device consisting of two flat surfaces hinged together, between which clothes can be placed for the purpose of pressing out creases. Electric models offer varying temperatures and levels of downward pressure, and/or the application of steam. Includes products such as Table-Top Presses and Wall-Mounted Presses. Excludes products such as Ironing Boards.">
<attType code="20001599" text="Type of Clothes Press" definition="Indicates with reference to the product branding, labelling or packaging, the descriptive term that is used by the manufacturer to identify the type of product.">
<attValue code="30002518" text="UNIDENTIFIED" definition="This term is used to describe those product attributes that are unidentifiable given existing or available product information."/>
</attType>
</brick>
</class>
</family>
</segment>
<segment code="72000000" text="Home Appliances" definition="">
<family code="72020000" text="Small Domestic Appliances" definition="">
<class code="72020400" text="Cleaning Appliances" definition="">
<brick code="10002031" text="Steam Cleaners" definition="Includes any products that may be described/observed as an electrical appliance designed to clean floors and fabrics through the use of steam. Typically also uses brush heads and cleaning solution to achieve this. Includes products such as handheld and cylinder Cleaners. Excludes products such as Floor Polishers.">
<attType code="20001605" text="Type of Steam Cleaners" definition="Indicates with reference to the product branding, labelling or packaging, the descriptive term that is used by the manufacturer to identify the type of product.">
<attValue code="30002518" text="UNIDENTIFIED" definition="This term is used to describe those product attributes that are unidentifiable given existing or available product information."/>
</attType>
</brick>
</class>
</family>
</segment>
<segment code="72000000" text="Home Appliances" definition="">
<family code="72020000" text="Small Domestic Appliances" definition="">
<class code="72020300" text="Laundry Care Appliances" definition="">
<brick code="10002023" text="Clothes Irons (Powered)" definition="Includes any products that may be described/observed as a hand-held electric appliance designed to be run over clean laundry to remove creases by the use of heat and weight and/or steam. Includes products such as cordless Irons and steam Irons. Excludes products such as Clothes Presses.">
<attType code="20001596" text="If Travel" definition="Indicates with reference to the product branding, labelling or packaging, the descriptive term that is used by the manufacturer to identify whether the product is specifically designed to be suitable for travelling.">
<attValue code="30002654" text="YES" definition=""/>
</attType>
</brick>
</class>
</family>
</segment>
<segment code="72000000" text="Home Appliances" definition="">
<family code="72020000" text="Small Domestic Appliances" definition="">
<class code="72020300" text="Laundry Care Appliances" definition="">
<brick code="10002023" text="Clothes Irons (Powered)" definition="Includes any products that may be described/observed as a hand-held electric appliance designed to be run over clean laundry to remove creases by the use of heat and weight and/or steam. Includes products such as cordless Irons and steam Irons. Excludes products such as Clothes Presses.">
<attType code="20001597" text="If With Anti-scale" definition="Indicates with reference to the product branding, labelling or packaging, the descriptive term that is used by the manufacturer to identify if the product has been treated or equipped to resist the deposit of scale.">
<attValue code="30002654" text="YES" definition=""/>
</attType>
</brick>
</class>
</family>
</segment>
<segment code="72000000" text="Home Appliances" definition="">
<family code="72020000" text="Small Domestic Appliances" definition="">
<class code="72020300" text="Laundry Care Appliances" definition="">
<brick code="10002023" text="Clothes Irons (Powered)" definition="Includes any products that may be described/observed as a hand-held electric appliance designed to be run over clean laundry to remove creases by the use of heat and weight and/or steam. Includes products such as cordless Irons and steam Irons. Excludes products such as Clothes Presses.">
<attType code="20001596" text="If Travel" definition="Indicates with reference to the product branding, labelling or packaging, the descriptive term that is used by the manufacturer to identify whether the product is specifically designed to be suitable for travelling.">
<attValue code="30002960" text="NO" definition=""/>
</attType>
</brick>
</class>
</family>
</segment>
<segment code="72000000" text="Home Appliances" definition="">
<family code="72020000" text="Small Domestic Appliances" definition="">
<class code="72020300" text="Laundry Care Appliances" definition="">
<brick code="10002023" text="Clothes Irons (Powered)" definition="Includes any products that may be described/observed as a hand-held electric appliance designed to be run over clean laundry to remove creases by the use of heat and weight and/or steam. Includes products such as cordless Irons and steam Irons. Excludes products such as Clothes Presses.">
<attType code="20001597" text="If With Anti-scale" definition="Indicates with reference to the product branding, labelling or packaging, the descriptive term that is used by the manufacturer to identify if the product has been treated or equipped to resist the deposit of scale.">
<attValue code="30002960" text="NO" definition=""/>
</attType>
</brick>
</class>
</family>
</segment>
<segment code="72000000" text="Home Appliances" definition="">
<family code="72020000" text="Small Domestic Appliances" definition="">
<class code="72020300" text="Laundry Care Appliances" definition="">
<brick code="10002023" text="Clothes Irons (Powered)" definition="Includes any products that may be described/observed as a hand-held electric appliance designed to be run over clean laundry to remove creases by the use of heat and weight and/or steam. Includes products such as cordless Irons and steam Irons. Excludes products such as Clothes Presses.">
<attType code="20000794" text="Type of Material" definition="Indicates, with reference to the product branding, labelling or packaging, the descriptive term that is used by the product manufacturer to identify the type of material from which the product is made.">
<attValue code="30003719" text="CERAMIC" definition=""/>
</attType>
</brick>
</class>
</family>
</segment>
<segment code="72000000" text="Home Appliances" definition="">
<family code="72020000" text="Small Domestic Appliances" definition="">
<class code="72020300" text="Laundry Care Appliances" definition="">
<brick code="10002025" text="Clothes Presses" definition="Includes any products that may be described/observed as a device consisting of two flat surfaces hinged together, between which clothes can be placed for the purpose of pressing out creases. Electric models offer varying temperatures and levels of downward pressure, and/or the application of steam. Includes products such as Table-Top Presses and Wall-Mounted Presses. Excludes products such as Ironing Boards.">
<attType code="20000794" text="Type of Material" definition="Indicates, with reference to the product branding, labelling or packaging, the descriptive term that is used by the product manufacturer to identify the type of material from which the product is made.">
<attValue code="30003719" text="CERAMIC" definition=""/>
</attType>
</brick>
</class>
</family>
</segment>
<segment code="72000000" text="Home Appliances" definition="">
<family code="72020000" text="Small Domestic Appliances" definition="">
<class code="72020400" text="Cleaning Appliances" definition="">
<brick code="10002031" text="Steam Cleaners" definition="Includes any products that may be described/observed as an electrical appliance designed to clean floors and fabrics through the use of steam. Typically also uses brush heads and cleaning solution to achieve this. Includes products such as handheld and cylinder Cleaners. Excludes products such as Floor Polishers.">
<attType code="20001605" text="Type of Steam Cleaners" definition="Indicates with reference to the product branding, labelling or packaging, the descriptive term that is used by the manufacturer to identify the type of product.">
<attValue code="30004635" text="CYLINDER" definition=""/>
</attType>
</brick>
</class>
</family>
</segment>
<segment code="72000000" text="Home Appliances" definition="">
<family code="72020000" text="Small Domestic Appliances" definition="">
<class code="72020400" text="Cleaning Appliances" definition="">
<brick code="10002031" text="Steam Cleaners" definition="Includes any products that may be described/observed as an electrical appliance designed to clean floors and fabrics through the use of steam. Typically also uses brush heads and cleaning solution to achieve this. Includes products such as handheld and cylinder Cleaners. Excludes products such as Floor Polishers.">
<attType code="20001605" text="Type of Steam Cleaners" definition="Indicates with reference to the product branding, labelling or packaging, the descriptive term that is used by the manufacturer to identify the type of product.">
<attValue code="30006126" text="HANDHELD" definition=""/>
</attType>
</brick>
</class>
</family>
</segment>
<segment code="72000000" text="Home Appliances" definition="">
<family code="72020000" text="Small Domestic Appliances" definition="">
<class code="72020300" text="Laundry Care Appliances" definition="">
<brick code="10002023" text="Clothes Irons (Powered)" definition="Includes any products that may be described/observed as a hand-held electric appliance designed to be run over clean laundry to remove creases by the use of heat and weight and/or steam. Includes products such as cordless Irons and steam Irons. Excludes products such as Clothes Presses.">
<attType code="20001116" text="Corded/Cordless" definition="Indicates, with reference to the product branding, labelling or packaging, the descriptive term that is used by the product manufacturer to identify whether the product is connected to a base unit or power supply by a cord.">
<attValue code="30007714" text="CORDED" definition=""/>
</attType>
</brick>
</class>
</family>
</segment>
<segment code="72000000" text="Home Appliances" definition="">
<family code="72020000" text="Small Domestic Appliances" definition="">
<class code="72020300" text="Laundry Care Appliances" definition="">
<brick code="10002023" text="Clothes Irons (Powered)" definition="Includes any products that may be described/observed as a hand-held electric appliance designed to be run over clean laundry to remove creases by the use of heat and weight and/or steam. Includes products such as cordless Irons and steam Irons. Excludes products such as Clothes Presses.">
<attType code="20001116" text="Corded/Cordless" definition="Indicates, with reference to the product branding, labelling or packaging, the descriptive term that is used by the product manufacturer to identify whether the product is connected to a base unit or power supply by a cord.">
<attValue code="30007715" text="CORDLESS" definition=""/>
</attType>
</brick>
</class>
</family>
</segment>
<segment code="72000000" text="Home Appliances" definition="">
<family code="72020000" text="Small Domestic Appliances" definition="">
<class code="72020300" text="Laundry Care Appliances" definition="">
<brick code="10002023" text="Clothes Irons (Powered)" definition="Includes any products that may be described/observed as a hand-held electric appliance designed to be run over clean laundry to remove creases by the use of heat and weight and/or steam. Includes products such as cordless Irons and steam Irons. Excludes products such as Clothes Presses.">
<attType code="20000794" text="Type of Material" definition="Indicates, with reference to the product branding, labelling or packaging, the descriptive term that is used by the product manufacturer to identify the type of material from which the product is made.">
<attValue code="30007857" text="ALUMINIUM" definition=""/>
</attType>
</brick>
</class>
</family>
</segment>
<segment code="72000000" text="Home Appliances" definition="">
<family code="72020000" text="Small Domestic Appliances" definition="">
<class code="72020300" text="Laundry Care Appliances" definition="">
<brick code="10002025" text="Clothes Presses" definition="Includes any products that may be described/observed as a device consisting of two flat surfaces hinged together, between which clothes can be placed for the purpose of pressing out creases. Electric models offer varying temperatures and levels of downward pressure, and/or the application of steam. Includes products such as Table-Top Presses and Wall-Mounted Presses. Excludes products such as Ironing Boards.">
<attType code="20000794" text="Type of Material" definition="Indicates, with reference to the product branding, labelling or packaging, the descriptive term that is used by the product manufacturer to identify the type of material from which the product is made.">
<attValue code="30007857" text="ALUMINIUM" definition=""/>
</attType>
</brick>
</class>
</family>
</segment>
<segment code="72000000" text="Home Appliances" definition="">
<family code="72020000" text="Small Domestic Appliances" definition="">
<class code="72020300" text="Laundry Care Appliances" definition="">
<brick code="10002025" text="Clothes Presses" definition="Includes any products that may be described/observed as a device consisting of two flat surfaces hinged together, between which clothes can be placed for the purpose of pressing out creases. Electric models offer varying temperatures and levels of downward pressure, and/or the application of steam. Includes products such as Table-Top Presses and Wall-Mounted Presses. Excludes products such as Ironing Boards.">
<attType code="20001599" text="Type of Clothes Press" definition="Indicates with reference to the product branding, labelling or packaging, the descriptive term that is used by the manufacturer to identify the type of product.">
<attValue code="30008707" text="STEAM" definition=""/>
</attType>
</brick>
</class>
</family>
</segment>
<segment code="72000000" text="Home Appliances" definition="">
<family code="72020000" text="Small Domestic Appliances" definition="">
<class code="72020300" text="Laundry Care Appliances" definition="">
<brick code="10002024" text="Ironing Boards (Powered)" definition="Includes any products that may be described/observed as a narrow board, often on collapsible supports, intended for ironing clothes. These products are electrically powered to provide extra functions, such as warming. Excludes products such as non-electric Ironing Boards and Clothes Presses.">
<attType code="20001598" text="Fan Assisted/Non Fan Assisted" definition="Indicates with reference to the product branding, labelling or packaging, the descriptive term that is used by the manufacturer to identify whether the product is fan assisted or not.">
<attValue code="30009247" text="FAN ASSISTED" definition=""/>
</attType>
</brick>
</class>
</family>
</segment>
<segment code="72000000" text="Home Appliances" definition="">
<family code="72020000" text="Small Domestic Appliances" definition="">
<class code="72020300" text="Laundry Care Appliances" definition="">
<brick code="10002023" text="Clothes Irons (Powered)" definition="Includes any products that may be described/observed as a hand-held electric appliance designed to be run over clean laundry to remove creases by the use of heat and weight and/or steam. Includes products such as cordless Irons and steam Irons. Excludes products such as Clothes Presses.">
<attType code="20001594" text="Type of Electrical Clothes Iron" definition="Indicates with reference to the product branding, labelling or packaging, the descriptive term that is used by the manufacturer to identify the type of product.">
<attValue code="30009417" text="TRADITIONAL STEAM IRON" definition=""/>
</attType>
</brick>
</class>
</family>
</segment>
<segment code="72000000" text="Home Appliances" definition="">
<family code="72020000" text="Small Domestic Appliances" definition="">
<class code="72020300" text="Laundry Care Appliances" definition="">
<brick code="10002023" text="Clothes Irons (Powered)" definition="Includes any products that may be described/observed as a hand-held electric appliance designed to be run over clean laundry to remove creases by the use of heat and weight and/or steam. Includes products such as cordless Irons and steam Irons. Excludes products such as Clothes Presses.">
<attType code="20001594" text="Type of Electrical Clothes Iron" definition="Indicates with reference to the product branding, labelling or packaging, the descriptive term that is used by the manufacturer to identify the type of product.">
<attValue code="30009418" text="TRADITIONAL DRY IRON" definition=""/>
</attType>
</brick>
</class>
</family>
</segment>
<segment code="72000000" text="Home Appliances" definition="">
<family code="72020000" text="Small Domestic Appliances" definition="">
<class code="72020300" text="Laundry Care Appliances" definition="">
<brick code="10002023" text="Clothes Irons (Powered)" definition="Includes any products that may be described/observed as a hand-held electric appliance designed to be run over clean laundry to remove creases by the use of heat and weight and/or steam. Includes products such as cordless Irons and steam Irons. Excludes products such as Clothes Presses.">
<attType code="20001594" text="Type of Electrical Clothes Iron" definition="Indicates with reference to the product branding, labelling or packaging, the descriptive term that is used by the manufacturer to identify the type of product.">
<attValue code="30009419" text="IRON SYSTEMS" definition=""/>
</attType>
</brick>
</class>
</family>
</segment>
<segment code="72000000" text="Home Appliances" definition="">
<family code="72020000" text="Small Domestic Appliances" definition="">
<class code="72020300" text="Laundry Care Appliances" definition="">
<brick code="10002023" text="Clothes Irons (Powered)" definition="Includes any products that may be described/observed as a hand-held electric appliance designed to be run over clean laundry to remove creases by the use of heat and weight and/or steam. Includes products such as cordless Irons and steam Irons. Excludes products such as Clothes Presses.">
<attType code="20000794" text="Type of Material" definition="Indicates, with reference to the product branding, labelling or packaging, the descriptive term that is used by the product manufacturer to identify the type of material from which the product is made.">
<attValue code="30009421" text="CHROME" definition=""/>
</attType>
</brick>
</class>
</family>
</segment>
<segment code="72000000" text="Home Appliances" definition="">
<family code="72020000" text="Small Domestic Appliances" definition="">
<class code="72020300" text="Laundry Care Appliances" definition="">
<brick code="10002025" text="Clothes Presses" definition="Includes any products that may be described/observed as a device consisting of two flat surfaces hinged together, between which clothes can be placed for the purpose of pressing out creases. Electric models offer varying temperatures and levels of downward pressure, and/or the application of steam. Includes products such as Table-Top Presses and Wall-Mounted Presses. Excludes products such as Ironing Boards.">
<attType code="20000794" text="Type of Material" definition="Indicates, with reference to the product branding, labelling or packaging, the descriptive term that is used by the product manufacturer to identify the type of material from which the product is made.">
<attValue code="30009421" text="CHROME" definition=""/>
</attType>
</brick>
</class>
</family>
</segment>
<segment code="72000000" text="Home Appliances" definition="">
<family code="72020000" text="Small Domestic Appliances" definition="">
<class code="72020300" text="Laundry Care Appliances" definition="">
<brick code="10002024" text="Ironing Boards (Powered)" definition="Includes any products that may be described/observed as a narrow board, often on collapsible supports, intended for ironing clothes. These products are electrically powered to provide extra functions, such as warming. Excludes products such as non-electric Ironing Boards and Clothes Presses.">
<attType code="20001598" text="Fan Assisted/Non Fan Assisted" definition="Indicates with reference to the product branding, labelling or packaging, the descriptive term that is used by the manufacturer to identify whether the product is fan assisted or not.">
<attValue code="30009422" text="NON FAN ASSISTED" definition=""/>
</attType>
</brick>
</class>
</family>
</segment>
<segment code="72000000" text="Home Appliances" definition="">
<family code="72020000" text="Small Domestic Appliances" definition="">
<class code="72020400" text="Cleaning Appliances" definition="">
<brick code="10002028" text="Household Vacuum Cleaners" definition="Includes any products that may be described/observed as an electrical appliance designed to suck up dust, dirt and a limited amount of liquid from floors, carpets and upholstery.Includes products such as two-piece, upright, hand-held and bagless vacuum cleaners. Excludes products such as Carpet Sweepers and Sweepers - Powered and Automotive Vacuum Cleaners, Robot Vacuum Cleaners, Industrial Floor Cleaners and other listed vacuum cleaners. Specifically Excludes Ducted Vacuum Cleaners">
<attType code="20001600" text="Type of Vacuum Cleaner" definition="Indicates with reference to the product branding, labelling or packaging, the descriptive term that is used by the manufacturer to identify the type of product.">
<attValue code="30009438" text="HAND HELD" definition=""/>
</attType>
</brick>
</class>
</family>
</segment>
<segment code="72000000" text="Home Appliances" definition="">
<family code="72020000" text="Small Domestic Appliances" definition="">
<class code="72020300" text="Laundry Care Appliances" definition="">
<brick code="10002023" text="Clothes Irons (Powered)" definition="Includes any products that may be described/observed as a hand-held electric appliance designed to be run over clean laundry to remove creases by the use of heat and weight and/or steam. Includes products such as cordless Irons and steam Irons. Excludes products such as Clothes Presses.">
<attType code="20000794" text="Type of Material" definition="Indicates, with reference to the product branding, labelling or packaging, the descriptive term that is used by the product manufacturer to identify the type of material from which the product is made.">
<attValue code="30010365" text="STAINLESS STEEL" definition="Stainless steel is made of a metal alloy with a chromium content around 10 percent."/>
</attType>
</brick>
</class>
</family>
</segment>
<segment code="72000000" text="Home Appliances" definition="">
<family code="72020000" text="Small Domestic Appliances" definition="">
<class code="72020300" text="Laundry Care Appliances" definition="">
<brick code="10002025" text="Clothes Presses" definition="Includes any products that may be described/observed as a device consisting of two flat surfaces hinged together, between which clothes can be placed for the purpose of pressing out creases. Electric models offer varying temperatures and levels of downward pressure, and/or the application of steam. Includes products such as Table-Top Presses and Wall-Mounted Presses. Excludes products such as Ironing Boards.">
<attType code="20000794" text="Type of Material" definition="Indicates, with reference to the product branding, labelling or packaging, the descriptive term that is used by the product manufacturer to identify the type of material from which the product is made.">
<attValue code="30010365" text="STAINLESS STEEL" definition="Stainless steel is made of a metal alloy with a chromium content around 10 percent."/>
</attType>
</brick>
</class>
</family>
</segment>
<segment code="72000000" text="Home Appliances" definition="">
<family code="72020000" text="Small Domestic Appliances" definition="">
<class code="72020300" text="Laundry Care Appliances" definition="">
<brick code="10002023" text="Clothes Irons (Powered)" definition="Includes any products that may be described/observed as a hand-held electric appliance designed to be run over clean laundry to remove creases by the use of heat and weight and/or steam. Includes products such as cordless Irons and steam Irons. Excludes products such as Clothes Presses.">
<attType code="20001594" text="Type of Electrical Clothes Iron" definition="Indicates with reference to the product branding, labelling or packaging, the descriptive term that is used by the manufacturer to identify the type of product.">
<attValue code="30010530" text="SHIRT STEAMER" definition=""/>
</attType>
</brick>
</class>
</family>
</segment>
</attributeValueLevel>
</deletions>
<deletions_move>
<brickLevel>
<segment code="72000000" text="Home Appliances" definition="">
<family code="72020000" text="Small Domestic Appliances" definition="">
<class code="72020300" text="Laundry Care Appliances" definition="">
<brick code="10002023" text="Clothes Irons (Powered)" definition="Includes any products that may be described/observed as a hand-held electric appliance designed to be run over clean laundry to remove creases by the use of heat and weight and/or steam. Includes products such as cordless Irons and steam Irons. Excludes products such as Clothes Presses.">
</brick>
</class>
</family>
</segment>
<segment code="72000000" text="Home Appliances" definition="">
<family code="72020000" text="Small Domestic Appliances" definition="">
<class code="72020300" text="Laundry Care Appliances" definition="">
<brick code="10002024" text="Ironing Boards (Powered)" definition="Includes any products that may be described/observed as a narrow board, often on collapsible supports, intended for ironing clothes. These products are electrically powered to provide extra functions, such as warming. Excludes products such as non-electric Ironing Boards and Clothes Presses.">
</brick>
</class>
</family>
</segment>
<segment code="72000000" text="Home Appliances" definition="">
<family code="72020000" text="Small Domestic Appliances" definition="">
<class code="72020300" text="Laundry Care Appliances" definition="">
<brick code="10002025" text="Clothes Presses" definition="Includes any products that may be described/observed as a device consisting of two flat surfaces hinged together, between which clothes can be placed for the purpose of pressing out creases. Electric models offer varying temperatures and levels of downward pressure, and/or the application of steam. Includes products such as Table-Top Presses and Wall-Mounted Presses. Excludes products such as Ironing Boards.">
</brick>
</class>
</family>
</segment>
<segment code="72000000" text="Home Appliances" definition="">
<family code="72020000" text="Small Domestic Appliances" definition="">
<class code="72020400" text="Cleaning Appliances" definition="">
<brick code="10002031" text="Steam Cleaners" definition="Includes any products that may be described/observed as an electrical appliance designed to clean floors and fabrics through the use of steam. Typically also uses brush heads and cleaning solution to achieve this. Includes products such as handheld and cylinder Cleaners. Excludes products such as Floor Polishers.">
</brick>
</class>
</family>
</segment>
<segment code="72000000" text="Home Appliances" definition="">
<family code="72020000" text="Small Domestic Appliances" definition="">
<class code="72020400" text="Cleaning Appliances" definition="">
<brick code="10005811" text="Sweepers (Non Powered)" definition="Includes any products that may be described/observed as a non-powered electrical appliance designed to clean floors or carpets by the application of revolving or moving brushes. Excludes products such as powered carpet sweepers and vacuum cleaners.">
</brick>
</class>
</family>
</segment>
<segment code="72000000" text="Home Appliances" definition="">
<family code="72020000" text="Small Domestic Appliances" definition="">
<class code="72020300" text="Laundry Care Appliances" definition="">
<brick code="10005830" text="Ironing Steam Station" definition="Includes any products that can be descibed/observed as an electrically powered steam generator that feeds into an electrical iron, maintaining ultimate steam output to enable professionally executed ironing. Excludes electric irons that are not connected to a steam station.">
</brick>
</class>
</family>
</segment>
</brickLevel>
</deletions_move>
</delta></gpc:gs1Delta></eanucc:message></sh:StandardBusinessDocument>
