<?xml version="1.0" encoding="UTF-8"?>  <sh:StandardBusinessDocument xmlns:sh="http://www.unece.org/cefact/namespaces/StandardBusinessDocumentHeader" xmlns:eanucc="urn:ean.ucc:2" xmlns:gpc="urn:ean.ucc:gpc:2" xmlns:xsi="http://www.w3.org/2001/XMLSchema-instance" xsi:schemaLocation="http://www.unece.org/cefact/namespaces/StandardBusinessDocumentHeader ../Schemas/sbdh/StandardBusinessDocumentHeader.xsd urn:ean.ucc:2 ../Schemas/Gs1SchemaProxy.xsd"> 	<sh:StandardBusinessDocumentHeader> 		<sh:HeaderVersion>2.2</sh:HeaderVersion> 		<sh:Sender> 			<sh:Identifier Authority="GS1">0000000000000</sh:Identifier> 			<sh:ContactInformation> 				<sh:Contact>Mike Mowad</sh:Contact> 				<sh:EmailAddress>gsmp@gs1.org</sh:EmailAddress> 				<sh:FaxNumber>+1 609-557-4599</sh:FaxNumber> 				<sh:TelephoneNumber>+1 609-557-4568</sh:TelephoneNumber> 				<sh:ContactTypeIdentifier></sh:ContactTypeIdentifier> 			</sh:ContactInformation> 		</sh:Sender> 		<sh:Receiver> 			<sh:Identifier Authority="GS1">0000000000000</sh:Identifier> 			<sh:ContactInformation> 				<sh:Contact>Mike Mowad</sh:Contact> 				<sh:EmailAddress>gsmp@gs1.org</sh:EmailAddress> 				<sh:FaxNumber>+1 609-557-4599</sh:FaxNumber> 				<sh:TelephoneNumber>+1 609-557-4568</sh:TelephoneNumber> 				<sh:ContactTypeIdentifier></sh:ContactTypeIdentifier> 			</sh:ContactInformation> 		</sh:Receiver> 		<sh:DocumentIdentification> 			<sh:Standard>GS1</sh:Standard> 			<sh:TypeVersion>2.0.2</sh:TypeVersion> 			<sh:InstanceIdentifier>100003</sh:InstanceIdentifier> 			<sh:Type>Gs1Schema</sh:Type> 			<sh:MultipleType>false</sh:MultipleType> 			<sh:CreationDateAndTime>2005-09-19T12:00:01.000</sh:CreationDateAndTime> 		</sh:DocumentIdentification> 	</sh:StandardBusinessDocumentHeader> 	<eanucc:message> 		<entityIdentification> 			<uniqueCreatorIdentification>MSG-123-20050919</uniqueCreatorIdentification> 			<contentOwner> 				<gln>0000000000000</gln> 			</contentOwner> 		</entityIdentification> 		<gpc:gs1Schema xsi:schemaLocation="urn:ean.ucc:2 ../Schemas/Gs1SchemaProxy.xsd"> <schema> <currentVersion>as at 01052021 EN</currentVersion> <previousVersion></previousVersion>
<segment code="95000000" text="Services/Vending Machines" definition="">
<family code="95020000" text="Building Construction &amp; Related Services" definition="">
<class code="95020100" text="Building Construction &amp; Related Services" definition="">
<brick code="10007584" text="Building Construction &amp; Related Services" definition="Includes any services that may be described/observed as services rendered by contractors or subcontractors in the construction or making of permanent buildings. Includes services rendered by persons or organisations engaged in the restoration of objects to their original condition.">
</brick>
</class>
</family>
<family code="95010000" text="Business and Commercial Services" definition="">
<class code="95010100" text="Accounting Services" definition="">
<brick code="10007578" text="Accounting Services" definition="Includes any services that may be described/observed as accounting services resulting from legal requirements and taxation services.">
</brick>
</class>
<class code="95010200" text="Advertising Services" definition="">
<brick code="10007579" text="Advertising Services" definition="Includes any services that may be described/observed as sale or leasing of advertising space or time; planning, creating and placement services of advertising; and other advertising materials.&#160;">
</brick>
</class>
<class code="95010300" text="Architectural and Engineering Services" definition="">
<brick code="10007580" text="Architectural and Engineering Services" definition="Includes any services that may be described/observed as services by engineering firms to provide blueprints and designs for buildings and other structures. Includes planning, design, construction and management services for building structures, installations, civil engineering work and industrial processes.&#160;">
</brick>
</class>
<class code="95010400" text="Business Management &amp; Consulting Services" definition="">
<brick code="10007581" text="Business Management &amp; Consulting Services" definition="Includes any services that may be described/observed as services that include the overseeing and supervising of business operations. Includes planning, organizing, staffing, and leading.">
</brick>
</class>
<class code="95010500" text="Computer and Technology Services" definition="">
<brick code="10007582" text="Computer and Technology Services" definition="Includes any services that may be described/observed as services related to the installation of computer hardware, software. Includes data processing and database services.">
</brick>
</class>
<class code="95010600" text="Legal Services" definition="">
<brick code="10007583" text="Legal Services" definition="Includes any services that may be described/observed as services related to attorneys, notaries, arbitrators, and mediators.">
</brick>
</class>
</family>
<family code="95030000" text="Cleaning Services" definition="">
<class code="95030100" text="Cleaning Services" definition="">
<brick code="10007585" text="Cleaning Services" definition="Includes any services that may be described/observed as services provided to cleaning for individuals, businesses, associations, and residential premises.">
</brick>
</class>
</family>
<family code="95040000" text="Communication Services" definition="">
<class code="95040100" text="Audio-Visual Services" definition="">
<brick code="10007586" text="Audio-Visual Services" definition="Includes any services that may be described/observed as services related to motion picture and video production and distribution services, motion picture projection services, radio and television services, radio and television transmission services, and sound recording.">
</brick>
</class>
<class code="95040200" text="Telecommunications Services" definition="">
<brick code="10007587" text="Telecommunications Services" definition="Includes any services that may be described/observed as services provided by a telecommunications provider, or a specified set of user-information transfer capabilities provided to a group of users by a telecommunications system.">
</brick>
</class>
</family>
<family code="95160000" text="Dispensing/Vending Machines" definition="">
<class code="95160100" text="Dispensing/Vending Machines" definition="">
<brick code="10008110" text="Coin Operated Control Unit" definition="Includes any products that can be described/observed as a coin operated add-on unit which allows a machine to act as a vending machine. Excludes Vending Machines">
</brick>
<brick code="10008109" text="Vending Machine" definition="Includes any products that can be described/observed as a machine that dispenses small articles such as food, drinks, or other items when a payment is made (i.e. coin, bill, credit card, prepaid card/token or digital payment method). Excludes machines with with similar functions that do not require payment.">
</brick>
</class>
</family>
<family code="95050000" text="Educational &amp; Entertainment Services" definition="">
<class code="95050100" text="Educational Services" definition="">
<brick code="10007588" text="Educational Services" definition="Includes any services that may be described/observed as services related to primary, secondary, post-secondary and adult education.&#160; Excludes training that is a part of a specific professional service.">
</brick>
</class>
<class code="95050200" text="Entertainment Services" definition="">
<brick code="10007589" text="Entertainment Services" definition="Includes any services that may be described/observed as services related to entertainment, amusement or recreation.">
</brick>
</class>
</family>
<family code="95060000" text="Energy and Environmental Services" definition="">
<class code="95060100" text="Energy Services" definition="">
<brick code="10007590" text="Energy Services" definition="Includes any services that may be described/observed as services related to energy mining, energy distribution, and pipeline transportation of fuels.">
</brick>
</class>
<class code="95060200" text="Environmental Services" definition="">
<brick code="10007591" text="Environmental Services" definition="Includes any services that may be described/observed as services related to sewage, refuse disposal, sanitation, vehicle emissions, noise abatement, and nature/landscape protection">
</brick>
</class>
</family>
<family code="95070000" text="Financial Services" definition="">
<class code="95070100" text="Financial Services" definition="">
<brick code="10007592" text="Financial Services" definition="Includes any services that may be described/observed as services related to the finance industry including businesses that manage money, credit unions, banks, credit-card companies, insurance companies, real estate companies, accountancy companies, consumer-finance companies, stock brokerages, investment funds, individual managers and some government-sponsored enterprises.">
</brick>
</class>
</family>
<family code="95110000" text="Food/Drink and Accommodation Services" definition="">
<class code="95110300" text="Food and Drink Services" definition="">
<brick code="10007596" text="Food and Drink Services" definition="Includes any services that may be described/observed as services provided by persons or establishments whose aim is to prepare food and drink for consumption. services provided by persons or establishments whose aim is to prepare food and drink for consumption">
</brick>
</class>
<class code="95110400" text="Temporary Accommodation Services" definition="">
<brick code="10007597" text="Temporary Accommodation Services" definition="Includes any services that may be described/observed as services provided to obtain bed and board in hotels, boarding houses or other establishments providing temporary accommodation.">
</brick>
</class>
</family>
<family code="95120000" text="Maintenance/Repair and Installation Services" definition="">
<class code="95120100" text="Maintenance/Repair Services" definition="">
<brick code="10007598" text="Maintenance/Repair Services" definition="Includes any services that may be described/observed as services related to the repairing or replacing of necessary devices, equipment, machinery, building infrastructure, and supporting utilities in industrial, business, governmental, and residential institutions.">
</brick>
</class>
<class code="95120200" text="Installation Services" definition="">
<brick code="10007599" text="Installation Services" definition="Includes any services that may be described/observed as services related to the installation of necessary devices, equipment, machinery, building infrastructure, and supporting utilities in industrial, business, governmental, and residential institutions.&#160; Excludes installation that is a part of a specific professional service.">
</brick>
</class>
</family>
<family code="95130000" text="Medical and Beauty Care Services" definition="">
<class code="95130100" text="Hygienic and Beauty Care Services" definition="">
<brick code="10007600" text="Hygienic and Beauty Care Services" definition="Includes any services that may be described/observed as services related to hygienic and beauty care. services related to hygienic and beauty care.">
</brick>
</class>
<class code="95130200" text="Medical Services" definition="">
<brick code="10007601" text="Medical Services" definition="Includes any services that may be described/observed as services related to medical care given by persons or establishments to human beings.">
</brick>
</class>
<class code="95130300" text="Veterinary Services" definition="">
<brick code="10007602" text="Veterinary Services" definition="Includes any services that may be described/observed as services related to medical care given by persons or establishments to animals.">
</brick>
</class>
</family>
<family code="95080000" text="Packaging/Storage Services" definition="">
<class code="95080100" text="Packaging/Storage Services" definition="">
<brick code="10007593" text="Packaging/Storage Services" definition="Includes any services that may be described/observed as services to prepare goods for transport, warehousing, logistics, sale, and end use.&#160;">
</brick>
</class>
</family>
<family code="95090000" text="Postal Services" definition="">
<class code="95090100" text="Postal Services" definition="">
<brick code="10007594" text="Postal Services" definition="Includes any services that may be described/observed as postal and courier services including express delivery.">
</brick>
</class>
</family>
<family code="95100000" text="Scientific and Technological Services" definition="">
<class code="95100100" text="Scientific and Technological Services" definition="">
<brick code="10007595" text="Scientific and Technological Services" definition="Includes any services that may be described/observed as services related to scientific and technological research and design. Includes industrial analysis and research services; design and development of computer hardware and software.">
</brick>
</class>
</family>
<family code="95140000" text="Transportation Services" definition="">
<class code="95140100" text="Transportation Services" definition="">
<brick code="10007603" text="Transportation Services" definition="Includes any services that may be described/observed as services related to the movement of physical items from one location to another. Specifically excludes Travel Services.">
</brick>
</class>
</family>
<family code="95150000" text="Travel Services" definition="">
<class code="95150100" text="Travel Services" definition="">
<brick code="10007605" text="Travel Services" definition="Includes any services that may be described/observed as services that include the overseeing and supervising of&#160; business and personal travel. Includes planning and&#160; organizing. Specifically excludes Transportation Services.">
</brick>
</class>
</family>
</segment>
</schema></gpc:gs1Schema></eanucc:message></sh:StandardBusinessDocument>
