<?xml version="1.0" encoding="UTF-8"?> <sh:StandardBusinessDocument xmlns:sh="http://www.unece.org/cefact/namespaces/StandardBusinessDocumentHeader" xmlns:eanucc="urn:ean.ucc:2" xmlns:gpc="urn:ean.ucc:gpc:2" xmlns:xsi="http://www.w3.org/2001/XMLSchema-instance" xsi:schemaLocation="http://www.unece.org/cefact/namespaces/StandardBusinessDocumentHeader ../Schemas/sbdh/StandardBusinessDocumentHeader.xsd urn:ean.ucc:2 ../Schemas/Gs1SchemaProxy.xsd"> 	<sh:StandardBusinessDocumentHeader> 		<sh:HeaderVersion>2.2</sh:HeaderVersion> 		<sh:Sender> 			<sh:Identifier Authority="GS1">0000000000000</sh:Identifier> 			<sh:ContactInformation> 				<sh:Contact>Mike Mowad</sh:Contact> 				<sh:EmailAddress>gsmp@gs1.org</sh:EmailAddress> 				<sh:FaxNumber>+1 609-557-4599</sh:FaxNumber> 				<sh:TelephoneNumber>+1 609-557-4568</sh:TelephoneNumber> 				<sh:ContactTypeIdentifier></sh:ContactTypeIdentifier> 			</sh:ContactInformation> 		</sh:Sender> 		<sh:Receiver> 			<sh:Identifier Authority="GS1">0000000000000</sh:Identifier> 			<sh:ContactInformation> 				<sh:Contact>Mike Mowad</sh:Contact> 				<sh:EmailAddress>gsmp@gs1.org</sh:EmailAddress> 				<sh:FaxNumber>+1 609-557-4599</sh:FaxNumber> 				<sh:TelephoneNumber>+1 609-557-4568</sh:TelephoneNumber> 				<sh:ContactTypeIdentifier></sh:ContactTypeIdentifier> 			</sh:ContactInformation> 		</sh:Receiver> 		<sh:DocumentIdentification> 			<sh:Standard>GS1</sh:Standard> 			<sh:TypeVersion>2.0.2</sh:TypeVersion> 			<sh:InstanceIdentifier>100003</sh:InstanceIdentifier> 			<sh:Type>Gs1Delta</sh:Type> 			<sh:MultipleType>false</sh:MultipleType> 			<sh:CreationDateAndTime>2005-09-19T12:00:01.000</sh:CreationDateAndTime> 		</sh:DocumentIdentification> 	</sh:StandardBusinessDocumentHeader> 	<eanucc:message> 		<entityIdentification> 			<uniqueCreatorIdentification>MSG-123-20050919</uniqueCreatorIdentification> 			<contentOwner> 				<gln>0000000000000</gln> 			</contentOwner> 		</entityIdentification> 		<gpc:gs1Delta xsi:schemaLocation="urn:ean.ucc:2 ../Schemas/Gs1SchemaProxy.xsd"> <delta> <currentVersion>as at 01052021 EN</currentVersion> <previousVersion>as at 01112020 EN</previousVersion> <deleteSunsetDate></deleteSunsetDate>
<additions>
<brickLevel>
<segment code="82000000" text="Tools/Equipment - Power" definition="">
<family code="82010000" text="Tools/Equipment - Power" definition="">
<class code="82010300" text="Power Tools - Stationary/Bench-top" definition="">
<brick code="10008139" text="Tool Sharpeners (Powered)" definition="Includes any products that may be described/observed as a tool to make an edge sharper. Excludes products such as Bench Grinders and Tool Sharpeners (non powered).">
</brick>
</class>
</family>
</segment>
</brickLevel>
</additions>
<additions_move>
</additions_move>
<additions_move_modify>
</additions_move_modify>
<modifications>
<brickLevel>
<segment code="82000000" text="Tools/Equipment - Power" definition="">
<family code="82010000" text="Tools/Equipment - Power" definition="">
<class code="82010300" text="Power Tools - Stationary/Bench-top" definition="">
<brick code="10003598" text="Bench Grinders" definition="Includes any products that may be described/observed as a stationary power tool, with one or two grinding wheels, designed for shaping and forming of mostly metal items. Excludes manual grinders, tool sharpeners (powered)&#160;as well as stationary and portable sanders.">
</brick>
</class>
</family>
</segment>
</brickLevel>
</modifications>
<deletions>
</deletions>
<deletions_move>
</deletions_move>
</delta></gpc:gs1Delta></eanucc:message></sh:StandardBusinessDocument>
