<?xml version="1.0" encoding="UTF-8"?> <sh:StandardBusinessDocument xmlns:sh="http://www.unece.org/cefact/namespaces/StandardBusinessDocumentHeader" xmlns:eanucc="urn:ean.ucc:2" xmlns:gpc="urn:ean.ucc:gpc:2" xmlns:xsi="http://www.w3.org/2001/XMLSchema-instance" xsi:schemaLocation="http://www.unece.org/cefact/namespaces/StandardBusinessDocumentHeader ../Schemas/sbdh/StandardBusinessDocumentHeader.xsd urn:ean.ucc:2 ../Schemas/Gs1SchemaProxy.xsd"> 	<sh:StandardBusinessDocumentHeader> 		<sh:HeaderVersion>2.2</sh:HeaderVersion> 		<sh:Sender> 			<sh:Identifier Authority="GS1">0000000000000</sh:Identifier> 			<sh:ContactInformation> 				<sh:Contact>Mike Mowad</sh:Contact> 				<sh:EmailAddress>gsmp@gs1.org</sh:EmailAddress> 				<sh:FaxNumber>+1 609-557-4599</sh:FaxNumber> 				<sh:TelephoneNumber>+1 609-557-4568</sh:TelephoneNumber> 				<sh:ContactTypeIdentifier></sh:ContactTypeIdentifier> 			</sh:ContactInformation> 		</sh:Sender> 		<sh:Receiver> 			<sh:Identifier Authority="GS1">0000000000000</sh:Identifier> 			<sh:ContactInformation> 				<sh:Contact>Mike Mowad</sh:Contact> 				<sh:EmailAddress>gsmp@gs1.org</sh:EmailAddress> 				<sh:FaxNumber>+1 609-557-4599</sh:FaxNumber> 				<sh:TelephoneNumber>+1 609-557-4568</sh:TelephoneNumber> 				<sh:ContactTypeIdentifier></sh:ContactTypeIdentifier> 			</sh:ContactInformation> 		</sh:Receiver> 		<sh:DocumentIdentification> 			<sh:Standard>GS1</sh:Standard> 			<sh:TypeVersion>2.0.2</sh:TypeVersion> 			<sh:InstanceIdentifier>100003</sh:InstanceIdentifier> 			<sh:Type>Gs1Delta</sh:Type> 			<sh:MultipleType>false</sh:MultipleType> 			<sh:CreationDateAndTime>2005-09-19T12:00:01.000</sh:CreationDateAndTime> 		</sh:DocumentIdentification> 	</sh:StandardBusinessDocumentHeader> 	<eanucc:message> 		<entityIdentification> 			<uniqueCreatorIdentification>MSG-123-20050919</uniqueCreatorIdentification> 			<contentOwner> 				<gln>0000000000000</gln> 			</contentOwner> 		</entityIdentification> 		<gpc:gs1Delta xsi:schemaLocation="urn:ean.ucc:2 ../Schemas/Gs1SchemaProxy.xsd"> <delta> <currentVersion>as at 01052021 EN</currentVersion> <previousVersion>as at 01112020 EN</previousVersion> <deleteSunsetDate></deleteSunsetDate>
<additions>
<brickLevel>
<segment code="83000000" text="Building Products" definition="">
<family code="83010000" text="Building Products" definition="">
<class code="83011300" text="Glass" definition="">
<brick code="10008143" text="Transparent Thermoplastic" definition="Includes any product that may be described/observed as a transparent thermoplastic. Includes products such as acrylic and polycarbonate plates. Excludes products such as glass, glass blocks and decorative glass inserts.">
</brick>
</class>
</family>
</segment>
</brickLevel>
</additions>
<additions_move>
</additions_move>
<additions_move_modify>
</additions_move_modify>
<modifications>
<brickLevel>
<segment code="83000000" text="Building Products" definition="">
<family code="83010000" text="Building Products" definition="">
<class code="83011300" text="Glass" definition="">
<brick code="10002584" text="Glass" definition="Includes any product that may be described/observed as an amorphous solid obtained when silica is mixed with other compounds, heated above its melting point, and then cooled rapidly. Includes products such as windowpanes, sheet glass as well as bulletproof glass. Excludes products such as transparent thermoplastic plates, glass block and glass inserts.">
</brick>
</class>
</family>
</segment>
<segment code="83000000" text="Building Products" definition="">
<family code="83010000" text="Building Products" definition="">
<class code="83011300" text="Glass" definition="">
<brick code="10003925" text="Glass Block (Grid Systems)" definition="Includes any products that may be described/observed as a translucent glass blocks that are held together with mortar or plastic strips with silicon sealant and used to build non-bearing walls or partitions. Excludes products such as glass sheets, transparent thermoplastic plates, window panes and glass inserts.">
</brick>
</class>
</family>
</segment>
<segment code="83000000" text="Building Products" definition="">
<family code="83010000" text="Building Products" definition="">
<class code="83011300" text="Glass" definition="">
<brick code="10003926" text="Decorative Glass Inserts" definition="Includes any products that may be described/observed as a glass section placed in a door or window to enhance its appearance. Includes stained glass, lead came glass and textured glass inserts. Excludes products such as window panes, transparent thermoplastic plates and glass blocks.">
</brick>
</class>
</family>
</segment>
</brickLevel>
</modifications>
<deletions>
</deletions>
<deletions_move>
</deletions_move>
</delta></gpc:gs1Delta></eanucc:message></sh:StandardBusinessDocument>
