<?xml version="1.0" encoding="UTF-8"?> <sh:StandardBusinessDocument xmlns:sh="http://www.unece.org/cefact/namespaces/StandardBusinessDocumentHeader" xmlns:eanucc="urn:ean.ucc:2" xmlns:gpc="urn:ean.ucc:gpc:2" xmlns:xsi="http://www.w3.org/2001/XMLSchema-instance" xsi:schemaLocation="http://www.unece.org/cefact/namespaces/StandardBusinessDocumentHeader ../Schemas/sbdh/StandardBusinessDocumentHeader.xsd urn:ean.ucc:2 ../Schemas/Gs1SchemaProxy.xsd"> 	<sh:StandardBusinessDocumentHeader> 		<sh:HeaderVersion>2.2</sh:HeaderVersion> 		<sh:Sender> 			<sh:Identifier Authority="GS1">0000000000000</sh:Identifier> 			<sh:ContactInformation> 				<sh:Contact>Mike Mowad</sh:Contact> 				<sh:EmailAddress>gsmp@gs1.org</sh:EmailAddress> 				<sh:FaxNumber>+1 609-557-4599</sh:FaxNumber> 				<sh:TelephoneNumber>+1 609-557-4568</sh:TelephoneNumber> 				<sh:ContactTypeIdentifier></sh:ContactTypeIdentifier> 			</sh:ContactInformation> 		</sh:Sender> 		<sh:Receiver> 			<sh:Identifier Authority="GS1">0000000000000</sh:Identifier> 			<sh:ContactInformation> 				<sh:Contact>Mike Mowad</sh:Contact> 				<sh:EmailAddress>gsmp@gs1.org</sh:EmailAddress> 				<sh:FaxNumber>+1 609-557-4599</sh:FaxNumber> 				<sh:TelephoneNumber>+1 609-557-4568</sh:TelephoneNumber> 				<sh:ContactTypeIdentifier></sh:ContactTypeIdentifier> 			</sh:ContactInformation> 		</sh:Receiver> 		<sh:DocumentIdentification> 			<sh:Standard>GS1</sh:Standard> 			<sh:TypeVersion>2.0.2</sh:TypeVersion> 			<sh:InstanceIdentifier>100003</sh:InstanceIdentifier> 			<sh:Type>Gs1Delta</sh:Type> 			<sh:MultipleType>false</sh:MultipleType> 			<sh:CreationDateAndTime>2005-09-19T12:00:01.000</sh:CreationDateAndTime> 		</sh:DocumentIdentification> 	</sh:StandardBusinessDocumentHeader> 	<eanucc:message> 		<entityIdentification> 			<uniqueCreatorIdentification>MSG-123-20050919</uniqueCreatorIdentification> 			<contentOwner> 				<gln>0000000000000</gln> 			</contentOwner> 		</entityIdentification> 		<gpc:gs1Delta xsi:schemaLocation="urn:ean.ucc:2 ../Schemas/Gs1SchemaProxy.xsd"> <delta> <currentVersion>as at 01052021 EN</currentVersion> <previousVersion>as at 01112020 EN</previousVersion> <deleteSunsetDate></deleteSunsetDate>
<additions>
<brickLevel>
<segment code="51000000" text="Healthcare" definition="">
<family code="51160000" text="Pharmaceutical Drugs" definition="">
<class code="51160100" text="Pharmaceutical Drugs" definition="">
<brick code="10008140" text="Pharmaceutical Compounding - Chemicals" definition="The chemicals used for the preparation of drug products for compounding in the pharmacy. These include but are not limited to precursors.&#160;">
</brick>
</class>
</family>
</segment>
<segment code="51000000" text="Healthcare" definition="">
<family code="51160000" text="Pharmaceutical Drugs" definition="">
<class code="51160100" text="Pharmaceutical Drugs" definition="">
<brick code="10008141" text="Pharmaceutical Compounding - Bases" definition="Base products for compounding with chemicals for preparation of specific dosage forms.">
</brick>
</class>
</family>
</segment>
<segment code="51000000" text="Healthcare" definition="">
<family code="51160000" text="Pharmaceutical Drugs" definition="">
<class code="51160100" text="Pharmaceutical Drugs" definition="">
<brick code="10008142" text="Pharmaceutical Compounding - Accessories" definition="Various pharmaceutical and laboratory accessories used for compounding pharmaceuticals. Includes items such as balances, pharmaceutical hot plates, bottle top dispensers non disposable, etc...">
</brick>
</class>
</family>
</segment>
</brickLevel>
</additions>
<additions_move>
</additions_move>
<additions_move_modify>
</additions_move_modify>
<modifications>
</modifications>
<deletions>
<classLevel>
<segment code="51000000" text="Healthcare" definition="">
<family code="51150000" text="Medical Devices" definition="">
<class code="51150200" text="Support Component of a Medical Device" definition="A trade item, that fails to meet the definition of a Medical Device as established by relevant regulatory authorities (generally identified as NAMDs: Not A Medical Device in the healthcare industry). These may include accessories that would not be considered devices in their own right, but are intended to support, supplement, and/or augment the performance of one or more medical devices. Excludes: Medical Devices and all items otherwise sold in retail from other Segments/Families/Classes.">
</class>
</family>
</segment>
</classLevel>
</deletions>
<deletions_move>
</deletions_move>
</delta></gpc:gs1Delta></eanucc:message></sh:StandardBusinessDocument>
