<?xml version="1.0" encoding="UTF-8"?>  <sh:StandardBusinessDocument xmlns:sh="http://www.unece.org/cefact/namespaces/StandardBusinessDocumentHeader" xmlns:eanucc="urn:ean.ucc:2" xmlns:gpc="urn:ean.ucc:gpc:2" xmlns:xsi="http://www.w3.org/2001/XMLSchema-instance" xsi:schemaLocation="http://www.unece.org/cefact/namespaces/StandardBusinessDocumentHeader ../Schemas/sbdh/StandardBusinessDocumentHeader.xsd urn:ean.ucc:2 ../Schemas/Gs1SchemaProxy.xsd"> 	<sh:StandardBusinessDocumentHeader> 		<sh:HeaderVersion>2.2</sh:HeaderVersion> 		<sh:Sender> 			<sh:Identifier Authority="GS1">0000000000000</sh:Identifier> 			<sh:ContactInformation> 				<sh:Contact>Mike Mowad</sh:Contact> 				<sh:EmailAddress>gsmp@gs1.org</sh:EmailAddress> 				<sh:FaxNumber>+1 609-557-4599</sh:FaxNumber> 				<sh:TelephoneNumber>+1 609-557-4568</sh:TelephoneNumber> 				<sh:ContactTypeIdentifier></sh:ContactTypeIdentifier> 			</sh:ContactInformation> 		</sh:Sender> 		<sh:Receiver> 			<sh:Identifier Authority="GS1">0000000000000</sh:Identifier> 			<sh:ContactInformation> 				<sh:Contact>Mike Mowad</sh:Contact> 				<sh:EmailAddress>gsmp@gs1.org</sh:EmailAddress> 				<sh:FaxNumber>+1 609-557-4599</sh:FaxNumber> 				<sh:TelephoneNumber>+1 609-557-4568</sh:TelephoneNumber> 				<sh:ContactTypeIdentifier></sh:ContactTypeIdentifier> 			</sh:ContactInformation> 		</sh:Receiver> 		<sh:DocumentIdentification> 			<sh:Standard>GS1</sh:Standard> 			<sh:TypeVersion>2.0.2</sh:TypeVersion> 			<sh:InstanceIdentifier>100003</sh:InstanceIdentifier> 			<sh:Type>Gs1Schema</sh:Type> 			<sh:MultipleType>false</sh:MultipleType> 			<sh:CreationDateAndTime>2005-09-19T12:00:01.000</sh:CreationDateAndTime> 		</sh:DocumentIdentification> 	</sh:StandardBusinessDocumentHeader> 	<eanucc:message> 		<entityIdentification> 			<uniqueCreatorIdentification>MSG-123-20050919</uniqueCreatorIdentification> 			<contentOwner> 				<gln>0000000000000</gln> 			</contentOwner> 		</entityIdentification> 		<gpc:gs1Schema xsi:schemaLocation="urn:ean.ucc:2 ../Schemas/Gs1SchemaProxy.xsd"> <schema> <currentVersion>as at 01052021 EN</currentVersion> <previousVersion></previousVersion>
<segment code="96000000" text="Monetary Assets" definition="">
<family code="96010000" text="Currency/Postage/Certificates" definition="">
<class code="96010100" text="Currency/Certificates" definition="Includes products that represent a medium of exchange, measure of wealth, or means of payment.">
<brick code="10007970" text="Bank Notes/Cheques" definition="Includes any products that can be described as a type of negotiable promissory note, made by a legal entity, payable to the bearer on demand. Excludes: Bills, Coins and Digital Currency">
<attType code="20000743" text="Country/Zone of Origin" definition="Indicates, with reference to the product branding, labelling or packaging, the descriptive term that is used by the manufacturer fruits/vegetables to identify the specific country in which the product has grown.">
<attValue code="30015349" text="EUROPEAN UNION" definition=""/>
<attValue code="30002515" text="UNCLASSIFIED" definition="This term is used to describe those product attributes that are unable to be classified within their specific market; e.g. goat&apos;s cheese - goat&apos;s cheeses is often generically labelled and cannot be further classified."/>
<attValue code="30002518" text="UNIDENTIFIED" definition="This term is used to describe those product attributes that are unidentifiable given existing or available product information."/>
</attType>
</brick>
<brick code="10007969" text="Bills" definition="Includes any products that can be described as a type of negotiable promissory note, made by a legal entity, payable to the bearer on demand. Excludes: Bank Notes/Cheques, Coins and Digital Currency">
<attType code="20000743" text="Country/Zone of Origin" definition="Indicates, with reference to the product branding, labelling or packaging, the descriptive term that is used by the manufacturer fruits/vegetables to identify the specific country in which the product has grown.">
<attValue code="30015349" text="EUROPEAN UNION" definition=""/>
<attValue code="30002515" text="UNCLASSIFIED" definition="This term is used to describe those product attributes that are unable to be classified within their specific market; e.g. goat&apos;s cheese - goat&apos;s cheeses is often generically labelled and cannot be further classified."/>
<attValue code="30002518" text="UNIDENTIFIED" definition="This term is used to describe those product attributes that are unidentifiable given existing or available product information."/>
</attType>
</brick>
<brick code="10007971" text="Coins" definition="Includes any products that can be described as a type of negotiable unit, made by a legal entity, payable to the bearer on demand. Excludes: Bills, Bank Notes/Cheques and Digital Currency">
<attType code="20000743" text="Country/Zone of Origin" definition="Indicates, with reference to the product branding, labelling or packaging, the descriptive term that is used by the manufacturer fruits/vegetables to identify the specific country in which the product has grown.">
<attValue code="30015349" text="EUROPEAN UNION" definition=""/>
<attValue code="30002515" text="UNCLASSIFIED" definition="This term is used to describe those product attributes that are unable to be classified within their specific market; e.g. goat&apos;s cheese - goat&apos;s cheeses is often generically labelled and cannot be further classified."/>
<attValue code="30002518" text="UNIDENTIFIED" definition="This term is used to describe those product attributes that are unidentifiable given existing or available product information."/>
</attType>
</brick>
<brick code="10007972" text="Digital Currency" definition="Includes any products that can be described as a type of negotiable virtual unit, such as cryptocurrency, virtual currency. Excludes:Bills, Bank Notes/Cheques and Coins">
</brick>
</class>
<class code="96010200" text="PrePaid Cards/Gift Cards/Vouchers" definition="Includes any products which may be observed as being a prepaid credit for use towards items or services; or future purchases.&#160;">
<brick code="10008028" text="PrePaid Cards/Gift Cards/Vouchers" definition="Includes any products which may be observed as being a prepaid credit for use towards items or services; or future purchases. This includes store specific gift cards; prepaid credit cards; vouchers for services; prepaid mobile communication. These may be represented as either a physical or digital object. Specifically excludes Mobile SIM cards with included credit/minutes.">
</brick>
</class>
</family>
</segment>
</schema></gpc:gs1Schema></eanucc:message></sh:StandardBusinessDocument>
