<?xml version="1.0" encoding="UTF-8"?>  <sh:StandardBusinessDocument xmlns:sh="http://www.unece.org/cefact/namespaces/StandardBusinessDocumentHeader" xmlns:eanucc="urn:ean.ucc:2" xmlns:gpc="urn:ean.ucc:gpc:2" xmlns:xsi="http://www.w3.org/2001/XMLSchema-instance" xsi:schemaLocation="http://www.unece.org/cefact/namespaces/StandardBusinessDocumentHeader ../Schemas/sbdh/StandardBusinessDocumentHeader.xsd urn:ean.ucc:2 ../Schemas/Gs1SchemaProxy.xsd"> 	<sh:StandardBusinessDocumentHeader> 		<sh:HeaderVersion>2.2</sh:HeaderVersion> 		<sh:Sender> 			<sh:Identifier Authority="GS1">0000000000000</sh:Identifier> 			<sh:ContactInformation> 				<sh:Contact>Mike Mowad</sh:Contact> 				<sh:EmailAddress>gsmp@gs1.org</sh:EmailAddress> 				<sh:FaxNumber>+1 609-557-4599</sh:FaxNumber> 				<sh:TelephoneNumber>+1 609-557-4568</sh:TelephoneNumber> 				<sh:ContactTypeIdentifier></sh:ContactTypeIdentifier> 			</sh:ContactInformation> 		</sh:Sender> 		<sh:Receiver> 			<sh:Identifier Authority="GS1">0000000000000</sh:Identifier> 			<sh:ContactInformation> 				<sh:Contact>Mike Mowad</sh:Contact> 				<sh:EmailAddress>gsmp@gs1.org</sh:EmailAddress> 				<sh:FaxNumber>+1 609-557-4599</sh:FaxNumber> 				<sh:TelephoneNumber>+1 609-557-4568</sh:TelephoneNumber> 				<sh:ContactTypeIdentifier></sh:ContactTypeIdentifier> 			</sh:ContactInformation> 		</sh:Receiver> 		<sh:DocumentIdentification> 			<sh:Standard>GS1</sh:Standard> 			<sh:TypeVersion>2.0.2</sh:TypeVersion> 			<sh:InstanceIdentifier>100003</sh:InstanceIdentifier> 			<sh:Type>Gs1Schema</sh:Type> 			<sh:MultipleType>false</sh:MultipleType> 			<sh:CreationDateAndTime>2005-09-19T12:00:01.000</sh:CreationDateAndTime> 		</sh:DocumentIdentification> 	</sh:StandardBusinessDocumentHeader> 	<eanucc:message> 		<entityIdentification> 			<uniqueCreatorIdentification>MSG-123-20050919</uniqueCreatorIdentification> 			<contentOwner> 				<gln>0000000000000</gln> 			</contentOwner> 		</entityIdentification> 		<gpc:gs1Schema xsi:schemaLocation="urn:ean.ucc:2 ../Schemas/Gs1SchemaProxy.xsd"> <schema> <currentVersion>as at 01052021 EN</currentVersion> <previousVersion></previousVersion>
<segment code="85000000" text="Safety/Protection - DIY" definition="">
<family code="85010000" text="Safety/Protection - DIY" definition="">
<class code="85010200" text="Protective Collective Aids - DIY" definition="">
<brick code="10005626" text="Absorbents (DIY)" definition="Includes any products that may be described/observed as a material having the capacity or tendency to absorb another substance. These products have the ability to attract dissolved or finely dispersed substances from another medium thus separating the two. Absorbents are used in environmental clean up to control oil spills and can take various physical forms with which to achieve their objective. Includes products such as absorbent pads, sheets and pillows. Excludes products such as lubricants and tissues.">
<attType code="20001709" text="Target Use/Application" definition="Indicates, with reference to the product branding, labelling or packaging, the descriptive term that is used by the product manufacturer to identify the target use and/or application.">
<attValue code="30012592" text="AGGRESSIVE FLUIDS" definition=""/>
<attValue code="30012590" text="HYDROCARBONS" definition=""/>
<attValue code="30012591" text="NON-AGGRESSIVE FLUIDS" definition=""/>
<attValue code="30002515" text="UNCLASSIFIED" definition="This term is used to describe those product attributes that are unable to be classified within their specific market; e.g. goat&apos;s cheese - goat&apos;s cheeses is often generically labelled and cannot be further classified."/>
<attValue code="30002518" text="UNIDENTIFIED" definition="This term is used to describe those product attributes that are unidentifiable given existing or available product information."/>
</attType>
<attType code="20002503" text="Type of Absorbent" definition="Indicate, with reference to the product branding, labelling or packaging, the descriptive term that is used by the product manufacturer to identify the physical characteristic or shape of the absorbent.">
<attValue code="30012593" text="ABSORBENT BOOM (DIY)" definition=""/>
<attValue code="30014371" text="ABSORBENT GRANULES (DIY)" definition=""/>
<attValue code="30014370" text="ABSORBENT PAD (DIY)" definition=""/>
<attValue code="30014461" text="ABSORBENT ROLL (DIY)" definition=""/>
<attValue code="30014462" text="ABSORBENT SHEET (DIY)" definition=""/>
<attValue code="30002515" text="UNCLASSIFIED" definition="This term is used to describe those product attributes that are unable to be classified within their specific market; e.g. goat&apos;s cheese - goat&apos;s cheeses is often generically labelled and cannot be further classified."/>
<attValue code="30002518" text="UNIDENTIFIED" definition="This term is used to describe those product attributes that are unidentifiable given existing or available product information."/>
</attType>
</brick>
<brick code="10005627" text="Antifatigue Aids (DIY)" definition="Includes any products that may be described/observed as a workers aid to eliminating tiredness through encouraging correct posture or generally improving comfort for the worker. These products are available in various styles and forms but are specifically introduced to help eradicate any aches or tiredness. Includes products such as Antifatigue Mats and Antifatigue Flooring. Excludes Mats not intended to tackle fatigue as well as Flooring not designed specifically&#160;for this purpose.">
</brick>
<brick code="10005628" text="Antislip Aids (DIY)" definition="Includes any products that may be described/observed as a, rigid or flexible, object specifically designed to provide extra grip for the user as they walk over a surface. These products may take various physical forms and provide different amounts of grip. Includes products such as mats with adhesive properties and anti-slip panels. Specifically excludes products such as Anti-slip paint. Excludes products such as Antiftigue Mats.">
<attType code="20002504" text="If Designed for Wet Environment" definition="Indicates, with reference to the product branding, labelling or packaging, the descriptive term that is used by the product manufacturer to identify whether the product has been specifically manufactured for safe, effective use within a wet environment.">
<attValue code="30002960" text="NO" definition=""/>
<attValue code="30002518" text="UNIDENTIFIED" definition="This term is used to describe those product attributes that are unidentifiable given existing or available product information."/>
<attValue code="30002654" text="YES" definition=""/>
</attType>
<attType code="20002505" text="Type of Anti-slip Aid" definition="Indicate, with reference to the product branding, labelling or packaging, the descriptive term that is used by the product manufacturer to identify the form of the antislip aid.">
<attValue code="30005138" text="MAT" definition=""/>
<attValue code="30010082" text="PANEL" definition=""/>
<attValue code="30004278" text="STRIP" definition=""/>
<attValue code="30002515" text="UNCLASSIFIED" definition="This term is used to describe those product attributes that are unable to be classified within their specific market; e.g. goat&apos;s cheese - goat&apos;s cheeses is often generically labelled and cannot be further classified."/>
<attValue code="30002518" text="UNIDENTIFIED" definition="This term is used to describe those product attributes that are unidentifiable given existing or available product information."/>
</attType>
</brick>
<brick code="10005646" text="Protective Collective Aids Other" definition="Includes any products that can be described/observed as protective collective aids, where the user of the schema is not able to classify the products in existing bricks within the schema. Excludes all currently classified protective collective aids such as anti-fatigue mats and anti-slip strips.">
</brick>
<brick code="10005631" text="Protective Collective Aids Replacement Parts/Accessories" definition="Includes any products that may be described/observed as replacement parts or accessories for Protective Collective Aid products. Includes products such as replacement parts for anti fatigue mats and pillows. Excludes products such as complete Protective Collective Aids products.">
</brick>
<brick code="10005630" text="Safety Nets/Curtains/Barriers" definition="Includes any products that may be described/observed as a barrier, either flexible or rigid, to protect against sparks, chippings when carrying out home improvement activities. These products are not directly worn by the user but form a sealed, enclosed environment in which they can safely operate. Includes products such as safety meshes and safety curtains as well as rigid safety barriers. Excludes products such as curtains not specifically designed as safety curtains.">
</brick>
</class>
</family>
</segment>
</schema></gpc:gs1Schema></eanucc:message></sh:StandardBusinessDocument>
