<?xml version="1.0" encoding="UTF-8"?>  <sh:StandardBusinessDocument xmlns:sh="http://www.unece.org/cefact/namespaces/StandardBusinessDocumentHeader" xmlns:eanucc="urn:ean.ucc:2" xmlns:gpc="urn:ean.ucc:gpc:2" xmlns:xsi="http://www.w3.org/2001/XMLSchema-instance" xsi:schemaLocation="http://www.unece.org/cefact/namespaces/StandardBusinessDocumentHeader ../Schemas/sbdh/StandardBusinessDocumentHeader.xsd urn:ean.ucc:2 ../Schemas/Gs1SchemaProxy.xsd"> 	<sh:StandardBusinessDocumentHeader> 		<sh:HeaderVersion>2.2</sh:HeaderVersion> 		<sh:Sender> 			<sh:Identifier Authority="GS1">0000000000000</sh:Identifier> 			<sh:ContactInformation> 				<sh:Contact>Mike Mowad</sh:Contact> 				<sh:EmailAddress>gsmp@gs1.org</sh:EmailAddress> 				<sh:FaxNumber>+1 609-557-4599</sh:FaxNumber> 				<sh:TelephoneNumber>+1 609-557-4568</sh:TelephoneNumber> 				<sh:ContactTypeIdentifier></sh:ContactTypeIdentifier> 			</sh:ContactInformation> 		</sh:Sender> 		<sh:Receiver> 			<sh:Identifier Authority="GS1">0000000000000</sh:Identifier> 			<sh:ContactInformation> 				<sh:Contact>Mike Mowad</sh:Contact> 				<sh:EmailAddress>gsmp@gs1.org</sh:EmailAddress> 				<sh:FaxNumber>+1 609-557-4599</sh:FaxNumber> 				<sh:TelephoneNumber>+1 609-557-4568</sh:TelephoneNumber> 				<sh:ContactTypeIdentifier></sh:ContactTypeIdentifier> 			</sh:ContactInformation> 		</sh:Receiver> 		<sh:DocumentIdentification> 			<sh:Standard>GS1</sh:Standard> 			<sh:TypeVersion>2.0.2</sh:TypeVersion> 			<sh:InstanceIdentifier>100003</sh:InstanceIdentifier> 			<sh:Type>Gs1Schema</sh:Type> 			<sh:MultipleType>false</sh:MultipleType> 			<sh:CreationDateAndTime>2005-09-19T12:00:01.000</sh:CreationDateAndTime> 		</sh:DocumentIdentification> 	</sh:StandardBusinessDocumentHeader> 	<eanucc:message> 		<entityIdentification> 			<uniqueCreatorIdentification>MSG-123-20050919</uniqueCreatorIdentification> 			<contentOwner> 				<gln>0000000000000</gln> 			</contentOwner> 		</entityIdentification> 		<gpc:gs1Schema xsi:schemaLocation="urn:ean.ucc:2 ../Schemas/Gs1SchemaProxy.xsd"> <schema> <currentVersion>as at 01052021 EN</currentVersion> <previousVersion></previousVersion>
<segment code="61000000" text="Music" definition="">
<family code="61010000" text="Musical Instruments/Accessories" definition="">
<class code="61010200" text="Musical Instruments (Non Powered)" definition="">
<brick code="10000933" text="Brasswind Musical Instruments (Non Powered)" definition="Includes any products that can be described/observed as a non-powered musical instrument fashioned from brass and played by blowing air into the instrument. Includes products such as non-powered Trumpets, Cornets, French Horns, Trombones and Tubas. Excludes products such as powered Brasswind Musical Instruments and Woodwind Instruments.">
<attType code="20000820" text="Type of Brasswind Musical Instrument (Non Powered)" definition="Indicates, with reference to the product branding, labelling or packaging, the descriptive term that is used by the product manufacturer to identify the type of non-powered brasswind musical instrument.">
<attValue code="30007094" text="CORNET" definition=""/>
<attValue code="30007095" text="DOUBLE HORN" definition=""/>
<attValue code="30007096" text="EUPHONIUM" definition=""/>
<attValue code="30007097" text="FLUGEL HORN" definition=""/>
<attValue code="30007098" text="FRENCH HORN" definition=""/>
<attValue code="30010843" text="SAXOPHONE" definition=""/>
<attValue code="30007099" text="SOUSAPHONE" definition=""/>
<attValue code="30007100" text="TROMBONE" definition=""/>
<attValue code="30007101" text="TRUMPET" definition=""/>
<attValue code="30007102" text="TUBA" definition=""/>
<attValue code="30002515" text="UNCLASSIFIED" definition="This term is used to describe those product attributes that are unable to be classified within their specific market; e.g. goat&apos;s cheese - goat&apos;s cheeses is often generically labelled and cannot be further classified."/>
<attValue code="30002518" text="UNIDENTIFIED" definition="This term is used to describe those product attributes that are unidentifiable given existing or available product information."/>
</attType>
</brick>
<brick code="10000934" text="Keyboards/Pianos (Non Powered)" definition="Includes any products that can be described/observed as a non-powered musical instrument consisting of metal strings, which are struck by hammers that are operated by a player pressing keys of a keyboard with the fingers. Includes products such as non-powered Pianos, Accordions, Concertinas, Organs and Harpsichords. Excludes products such as powered Keyboards and Pianos.">
<attType code="20000821" text="Type of Keyboard/Piano (Non Powered)" definition="Indicates, with reference to the product branding, labelling or packaging, the descriptive term that is used by the product manufacturer to identify the type of non-powered keyboard or piano.">
<attValue code="30007103" text="ACCORDION" definition=""/>
<attValue code="30014469" text="CONCERTINA MUSICAL INSTRUMENT" definition=""/>
<attValue code="30007105" text="HARPSICHORD" definition=""/>
<attValue code="30014485" text="MUSICAL ORGAN" definition=""/>
<attValue code="30007107" text="PIANO" definition=""/>
<attValue code="30002515" text="UNCLASSIFIED" definition="This term is used to describe those product attributes that are unable to be classified within their specific market; e.g. goat&apos;s cheese - goat&apos;s cheeses is often generically labelled and cannot be further classified."/>
<attValue code="30002518" text="UNIDENTIFIED" definition="This term is used to describe those product attributes that are unidentifiable given existing or available product information."/>
</attType>
</brick>
<brick code="10001375" text="Musical Instruments Other (Non Powered)" definition="Includes any products that can be described/observed as non-powered musical instruments, where the user of the schema is not able to classify the products in existing bricks within the schema. Excludes all currently classified non-powered Musical Instruments products.">
</brick>
<brick code="10000935" text="Percussion Musical Instruments (Non Powered)" definition="Includes any products that can be described/observed as a non-powered musical instrument, which is played by striking the instrument with either an object or the hand. Includes products such as non-powered Cymbals, Drums, Triangles, Tambourines, Bells and Castanets. Excludes products such as powered Percussion Musical Instruments.">
<attType code="20000822" text="Type of Percussion Musical Instrument (Non Powered)" definition="Indicates, with reference to the product branding, labelling or packaging, the descriptive term that is used by the product manufacturer to identify the type of non-powered percussion musical instrument.">
<attValue code="30007108" text="BELL" definition=""/>
<attValue code="30007109" text="CASTANET" definition=""/>
<attValue code="30007110" text="CYMBAL" definition=""/>
<attValue code="30007111" text="DRUM" definition=""/>
<attValue code="30007112" text="DRUM SET" definition=""/>
<attValue code="30007113" text="GONG" definition=""/>
<attValue code="30007114" text="MARIMBAS" definition=""/>
<attValue code="30007115" text="TAMBOURINE" definition=""/>
<attValue code="30011799" text="TRIANGLE" definition=""/>
<attValue code="30002515" text="UNCLASSIFIED" definition="This term is used to describe those product attributes that are unable to be classified within their specific market; e.g. goat&apos;s cheese - goat&apos;s cheeses is often generically labelled and cannot be further classified."/>
<attValue code="30002518" text="UNIDENTIFIED" definition="This term is used to describe those product attributes that are unidentifiable given existing or available product information."/>
</attType>
</brick>
<brick code="10000936" text="String Musical Instruments (Non Powered)" definition="Includes any products that can be described/observed as a non-powered musical instrument, which produces sound when its variety of strings are plucked or played with a bow. Includes products such as non-powered Violins, Cellos, Harps, Banjos and Mandolins. Excludes products such as powered String Musical Instruments.">
<attType code="20000824" text="Type of String Musical Instrument (Non Powered)" definition="Indicates, with reference to the product branding, labelling or packaging, the descriptive term that is used by the product manufacturer to identify the type of non-powered string musical instrument.">
<attValue code="30007122" text="BANJO" definition=""/>
<attValue code="30007123" text="CELLO" definition=""/>
<attValue code="30010836" text="DOUBLE BASS" definition=""/>
<attValue code="30007124" text="GUITAR" definition=""/>
<attValue code="30007125" text="HARP" definition=""/>
<attValue code="30007126" text="MANDOLIN" definition=""/>
<attValue code="30002515" text="UNCLASSIFIED" definition="This term is used to describe those product attributes that are unable to be classified within their specific market; e.g. goat&apos;s cheese - goat&apos;s cheeses is often generically labelled and cannot be further classified."/>
<attValue code="30002518" text="UNIDENTIFIED" definition="This term is used to describe those product attributes that are unidentifiable given existing or available product information."/>
<attValue code="30010837" text="VIOLA" definition=""/>
<attValue code="30007127" text="VIOLIN" definition=""/>
</attType>
</brick>
<brick code="10000937" text="Woodwind Musical Instruments (Non Powered)" definition="Includes any products that can be described/observed as a non-powered musical instrument fashioned mostly of wood but also sometimes of a synthetic material or metal other than brass. The instrument is played by blowing air into it. Includes products such as non-powered Oboes, Clarinets, Flutes and Recorders. Excludes powered Woodwind Musical Instruments and Brasswind Musical Instruments.">
<attType code="20000825" text="Type of Woodwind Musical Instrument (Non Powered)" definition="Indicates, with reference to the product branding, labelling or packaging, the descriptive term that is used by the product manufacturer to identify the type of non-powered woodwind musical instrument.">
<attValue code="30010840" text="BAG PIPES" definition=""/>
<attValue code="30010841" text="BASSOON" definition=""/>
<attValue code="30007128" text="CLARINET" definition=""/>
<attValue code="30014345" text="FLUTE (MUSICAL INSTRUMENT)" definition=""/>
<attValue code="30010842" text="HARMONICA" definition=""/>
<attValue code="30007129" text="OBOE" definition=""/>
<attValue code="30010839" text="PAN PIPES" definition=""/>
<attValue code="30010838" text="PICCOLO" definition=""/>
<attValue code="30007130" text="RECORDER" definition=""/>
<attValue code="30002515" text="UNCLASSIFIED" definition="This term is used to describe those product attributes that are unable to be classified within their specific market; e.g. goat&apos;s cheese - goat&apos;s cheeses is often generically labelled and cannot be further classified."/>
<attValue code="30002518" text="UNIDENTIFIED" definition="This term is used to describe those product attributes that are unidentifiable given existing or available product information."/>
<attValue code="30006951" text="WHISTLE" definition=""/>
</attType>
</brick>
</class>
<class code="61010300" text="Musical Instruments (Powered)" definition="">
<brick code="10000938" text="Brasswind Musical Instruments (Powered)" definition="Includes any products that can be described/observed as a powered musical instrument fashioned from brass and played by blowing air into the instrument. Includes products such as powered Electric Trumpets. Excludes products such as non-powered Brasswind Musical Instruments.">
<attType code="20000826" text="Type of Brasswind Musical Instrument (Powered)" definition="Indicates, with reference to the product branding, labelling or packaging, the descriptive term that is used by the product manufacturer to identify the type of powered brasswind musical instrument.">
<attValue code="30007131" text="ELECTRIC CORNET" definition=""/>
<attValue code="30007132" text="ELECTRIC DOUBLE HORN" definition=""/>
<attValue code="30007133" text="ELECTRIC EUPHONIUM" definition=""/>
<attValue code="30007134" text="ELECTRIC FLUGELHORN" definition=""/>
<attValue code="30007135" text="ELECTRIC FRENCH HORN" definition=""/>
<attValue code="30010844" text="ELECTRIC SAXAPHONE" definition=""/>
<attValue code="30007136" text="ELECTRIC TROMBONE" definition=""/>
<attValue code="30007137" text="ELECTRIC TRUMPET" definition=""/>
<attValue code="30007138" text="ELECTRIC TUBA" definition=""/>
<attValue code="30002515" text="UNCLASSIFIED" definition="This term is used to describe those product attributes that are unable to be classified within their specific market; e.g. goat&apos;s cheese - goat&apos;s cheeses is often generically labelled and cannot be further classified."/>
<attValue code="30002518" text="UNIDENTIFIED" definition="This term is used to describe those product attributes that are unidentifiable given existing or available product information."/>
</attType>
</brick>
<brick code="10000940" text="Keyboards/Pianos (Powered)" definition="Includes any products that can be described/observed as a powered musical instrument consisting of a series of keys that are designed to be played by using the fingers. Includes products such as Electric Pianos and Electric Organs. Excludes products such as non-powered Keyboards and Pianos.">
<attType code="20000828" text="Type of Keyboard/Piano (Powered)" definition="Indicates, with reference to the product branding, labelling or packaging, the descriptive term that is used by the product manufacturer to identify the type of powered keyboards or pianos.">
<attValue code="30007142" text="ELECTRIC ACCORDION" definition=""/>
<attValue code="30007143" text="ELECTRIC HARPSICHORD" definition=""/>
<attValue code="30007144" text="ELECTRIC KEYBOARD/SYNTHESIZER" definition=""/>
<attValue code="30007145" text="ELECTRIC ORGAN" definition=""/>
<attValue code="30007146" text="ELECTRIC PIANO" definition=""/>
<attValue code="30007147" text="PIANO PLAYER" definition=""/>
<attValue code="30002515" text="UNCLASSIFIED" definition="This term is used to describe those product attributes that are unable to be classified within their specific market; e.g. goat&apos;s cheese - goat&apos;s cheeses is often generically labelled and cannot be further classified."/>
<attValue code="30002518" text="UNIDENTIFIED" definition="This term is used to describe those product attributes that are unidentifiable given existing or available product information."/>
</attType>
</brick>
<brick code="10000939" text="Musical Instrument Aids (Powered)" definition="Includes any products that can be described/observed as a powered musical instrument aid that is specifically designed for use while playing a powered musical instrument and which enhances the performance and function of the instrument. Includes products such as powered Drum Loops and Reverbs. Excludes all other classified powered Musical Instruments.">
<attType code="20000827" text="Type of Musical Instrument Aid (Powered)" definition="Indicates, with reference to the product branding, labelling or packaging, the descriptive term that is used by the product manufacturer to identify the type of powered musical instrument aid.">
<attValue code="30007139" text="COMPRESSOR" definition=""/>
<attValue code="30007140" text="DRUM LOOP MACHINE" definition=""/>
<attValue code="30007141" text="REVERB" definition=""/>
<attValue code="30002515" text="UNCLASSIFIED" definition="This term is used to describe those product attributes that are unable to be classified within their specific market; e.g. goat&apos;s cheese - goat&apos;s cheeses is often generically labelled and cannot be further classified."/>
<attValue code="30002518" text="UNIDENTIFIED" definition="This term is used to describe those product attributes that are unidentifiable given existing or available product information."/>
</attType>
</brick>
<brick code="10001377" text="Musical Instruments Other (Powered)" definition="Includes any products that can be described/observed as powered musical instruments products, where the user of the schema is not able to classify the products in existing bricks within the schema. Excludes all currently classified powered Musical Instruments products.">
</brick>
<brick code="10000941" text="Percussion Musical Instruments (Powered)" definition="Includes any products that can be described/observed as a powered musical instrument which is played by striking the instrument with either an object or the hand. Includes products such as Electric Bells and powered Drum-Sets. Excludes products such as non-powered Percussion Musical Instruments.">
<attType code="20000829" text="Type of Percussion Musical Instrument (Powered)" definition="Indicates, with reference to the product branding, labelling or packaging, the descriptive term that is used by the product manufacturer to identify the type of powered percussion musical instrument.">
<attValue code="30007148" text="ELECTRIC BELL" definition=""/>
<attValue code="30007149" text="ELECTRIC DRUM" definition=""/>
<attValue code="30007150" text="ELECTRIC DRUM SET" definition=""/>
<attValue code="30002515" text="UNCLASSIFIED" definition="This term is used to describe those product attributes that are unable to be classified within their specific market; e.g. goat&apos;s cheese - goat&apos;s cheeses is often generically labelled and cannot be further classified."/>
<attValue code="30002518" text="UNIDENTIFIED" definition="This term is used to describe those product attributes that are unidentifiable given existing or available product information."/>
</attType>
</brick>
<brick code="10000942" text="String Musical Instruments (Powered)" definition="Includes any products that can be described/observed as a powered musical instrument which produces sound when its variety of strings are plucked or played with a bow. Includes products such as Electric Guitars. Excludes non-powered String Musical Instruments.">
<attType code="20000830" text="Type of String Musical Instrument (Powered)" definition="Indicates, with reference to the product branding, labelling or packaging, the descriptive term that is used by the product manufacturer to identify the type of powered string musical instrument.">
<attValue code="30007151" text="ELECTRIC BANJO" definition=""/>
<attValue code="30007152" text="ELECTRIC CELLO" definition=""/>
<attValue code="30007153" text="ELECTRIC GUITAR" definition=""/>
<attValue code="30007154" text="ELECTRIC HARP" definition=""/>
<attValue code="30007155" text="ELECTRIC MANDOLIN" definition=""/>
<attValue code="30007156" text="ELECTRIC VIOLIN" definition=""/>
<attValue code="30002515" text="UNCLASSIFIED" definition="This term is used to describe those product attributes that are unable to be classified within their specific market; e.g. goat&apos;s cheese - goat&apos;s cheeses is often generically labelled and cannot be further classified."/>
<attValue code="30002518" text="UNIDENTIFIED" definition="This term is used to describe those product attributes that are unidentifiable given existing or available product information."/>
</attType>
</brick>
<brick code="10000943" text="Woodwind Musical Instruments (Powered)" definition="Includes any products that can be described/observed as a powered musical instrument fashioned mostly of wood but also sometimes of a synthetic material or metal other than brass. The instrument is played by blowing air into it. Includes products such as powered Electric Oboes and Electric Clarinets. Excludes non-powered Woodwind Musical Instruments and powered Brasswind Musical Instruments.">
<attType code="20000831" text="Type of Woodwind Musical Instrument (Powered)" definition="Indicates, with reference to the product branding, labelling or packaging, the descriptive term that is used by the product manufacturer to identify the type of powered woodwind musical instrument.">
<attValue code="30010846" text="ELECTRIC BASSOON" definition=""/>
<attValue code="30007157" text="ELECTRIC CLARINET" definition=""/>
<attValue code="30007158" text="ELECTRIC FLUTE" definition=""/>
<attValue code="30010845" text="ELECTRIC HARMONICA" definition=""/>
<attValue code="30007159" text="ELECTRIC OBOE" definition=""/>
<attValue code="30010848" text="ELECTRIC PAN PIPES" definition=""/>
<attValue code="30010847" text="ELECTRIC PICCOLO" definition=""/>
<attValue code="30002515" text="UNCLASSIFIED" definition="This term is used to describe those product attributes that are unable to be classified within their specific market; e.g. goat&apos;s cheese - goat&apos;s cheeses is often generically labelled and cannot be further classified."/>
<attValue code="30002518" text="UNIDENTIFIED" definition="This term is used to describe those product attributes that are unidentifiable given existing or available product information."/>
</attType>
</brick>
</class>
<class code="61010400" text="Musical Instrument Accessories" definition="">
<brick code="10004116" text="Brasswind Musical Instrument Accessories (Non Powered)" definition="Includes any products that can be described/observed as a non-powered accessory for a brasswind musical instrument. Includes products such as Mouthpieces and Mutes for a variety of brasswind instruments. Excludes products such as complete Brasswind Musical Instruments, Metronomes, Tuners and Brasswind Instrument Cases and Stands.">
<attType code="20002066" text="Type of Brasswind Musical Instrument Accessory (Non Powered)" definition="Indicates, with reference to the product branding, labelling or packaging, the descriptive term that is used by the product manufacturer to identify the type of non-powered brasswind musical instrument accessory.">
<attValue code="30011138" text="MOUTHPIECE" definition=""/>
<attValue code="30011139" text="MUTE" definition=""/>
<attValue code="30002515" text="UNCLASSIFIED" definition="This term is used to describe those product attributes that are unable to be classified within their specific market; e.g. goat&apos;s cheese - goat&apos;s cheeses is often generically labelled and cannot be further classified."/>
<attValue code="30002518" text="UNIDENTIFIED" definition="This term is used to describe those product attributes that are unidentifiable given existing or available product information."/>
</attType>
</brick>
<brick code="10004117" text="Keyboard/Piano Accessories (Powered)" definition="Includes any products that can be described/observed as a powered accessory for a keyboard or piano. Includes products such as Keyboard Amplifiers and Expansion Boards, as well as Footswitch Pedals. Excludes products such as complete Keyboards or Pianos, Metronomes, Tuners, Keyboard Stands and Keyboard Covers.">
<attType code="20002067" text="Type of Keyboard/Piano Accessory (Powered)" definition="Indicates, with reference to the product branding, labelling or packaging, the descriptive term that is used by the product manufacturer to identify the type of powered keyboard or piano accessory.">
<attValue code="30011140" text="KEYBOARD AMPLIFIER/MIXER" definition=""/>
<attValue code="30011141" text="KEYBOARD EXPANSION BOARD" definition=""/>
<attValue code="30011144" text="KEYBOARD FOOTSWITCH" definition=""/>
<attValue code="30011143" text="KEYBOARD PEDALS" definition=""/>
<attValue code="30011142" text="PIANO PICKUP" definition=""/>
<attValue code="30002515" text="UNCLASSIFIED" definition="This term is used to describe those product attributes that are unable to be classified within their specific market; e.g. goat&apos;s cheese - goat&apos;s cheeses is often generically labelled and cannot be further classified."/>
<attValue code="30002518" text="UNIDENTIFIED" definition="This term is used to describe those product attributes that are unidentifiable given existing or available product information."/>
</attType>
</brick>
<brick code="10004125" text="Metronomes/Tuners (Non Powered)" definition="Includes any products that can be described/observed as a non-powered device which, in the case of a metronome, indicates the tempo for a person playing music by emitting a click at regular intervals, or, in the case of a tuner, produces the correct pitch of a musical note, thus allowing the operator to adjust the musical instrument accordingly. Includes products such as Pitch Pipes, Tuning Forks and Pendulum Metronomes. Excludes products such as powered Metronomes and Tuners.">
<attType code="20002065" text="Type of Metronome/Tuner (Non Powered)" definition="Indicates, with reference to the product branding, labelling or packaging, the descriptive term that is used by the product manufacturer to identify the type of non-powered metronome or tuner.">
<attValue code="30011147" text="PENDULUM METRONOME" definition=""/>
<attValue code="30011137" text="PITCH PIPE" definition=""/>
<attValue code="30011136" text="TUNING FORK" definition=""/>
<attValue code="30002515" text="UNCLASSIFIED" definition="This term is used to describe those product attributes that are unable to be classified within their specific market; e.g. goat&apos;s cheese - goat&apos;s cheeses is often generically labelled and cannot be further classified."/>
<attValue code="30002518" text="UNIDENTIFIED" definition="This term is used to describe those product attributes that are unidentifiable given existing or available product information."/>
</attType>
</brick>
<brick code="10004123" text="Metronomes/Tuners (Powered)" definition="Includes any products that can be described/observed as a powered device, which, in the case of a metronome, indicates the tempo for a person playing music by emitting a click at regular intervals, or, in the case of a tuner, detects the pitch of a musical note, thus allowing the operator to adjust the musical instrument accordingly. Metronomes and Tuners may be incorporated together in a single product or may be separate devices sold individually. Includes products such as Drum Tuners, Guitar Tuners, Digital Metronomes and combined Metronome/Tuners. Excludes products such as non-powered Tuners and Metronomes, Electric Guitars with incorporated Onboard Tuners and Amplifiers.">
<attType code="20002064" text="Type of Metronome/Tuner (Powered)" definition="Indicates, with reference to the product branding, labelling or packaging, the descriptive term that is used by the product manufacturer to identify the type of powered metronome and/or tuner.">
<attValue code="30011145" text="DIGITAL METRONOME" definition=""/>
<attValue code="30011133" text="DRUM TUNER" definition=""/>
<attValue code="30011134" text="GUITAR/BASS/VIOLIN TUNER" definition=""/>
<attValue code="30011146" text="METRONOME/TUNER" definition=""/>
<attValue code="30011135" text="TUNER PICK-UP" definition=""/>
<attValue code="30002515" text="UNCLASSIFIED" definition="This term is used to describe those product attributes that are unable to be classified within their specific market; e.g. goat&apos;s cheese - goat&apos;s cheeses is often generically labelled and cannot be further classified."/>
<attValue code="30002518" text="UNIDENTIFIED" definition="This term is used to describe those product attributes that are unidentifiable given existing or available product information."/>
<attValue code="30011132" text="UNIVERSAL TUNER" definition=""/>
</attType>
</brick>
<brick code="10004128" text="Musical Instrument Accessories Other" definition="Includes any products that can be described/observed as musical instrument accessories, where the user of the schema is not able to classify the products in existing bricks within the schema. Excludes all currently classified Musical Instruments Accessories products.">
</brick>
<brick code="10004127" text="Musical Instrument Accessories Variety Packs" definition="Includes any products that can be described/observed as two or more distinct musical instrument accessories products sold together, which exist within the schema but belong to different bricks, that is, two or more products contained within the same pack, which cross bricks within the Musical Instrument Accessories class. Includes products such as a Guitar Case and Guitar Stand sold together. Items that are received free with purchases should be removed from the classification decision-making process. Excludes products such as a Guitar and Guitar Case variety pack.">
</brick>
<brick code="10004121" text="Musical Instrument Cases/Bags/Covers" definition="Includes any products that can be described/observed as a case, bag or cover specifically designed for a particular musical instrument and sold separately from the musical instrument. Includes products such as a guitar case or keyboard cover. Excludes musical instruments sold complete with a case, bag or cover and all general purpose bags and covers.">
<attType code="20002071" text="Type of Musical Instrument Case/Bag/Cover" definition="Indicates, with reference to the product branding, labelling or packaging, the descriptive term that is used by the product manufacturer to identify the type of musical instrument case, bag or cover.">
<attValue code="30011197" text="BASS BAG" definition=""/>
<attValue code="30011186" text="CELLO CASE" definition=""/>
<attValue code="30011192" text="CLARINET CASE" definition=""/>
<attValue code="30011183" text="DRUM BAG" definition=""/>
<attValue code="30011182" text="DRUM COVER" definition=""/>
<attValue code="30011184" text="DRUM STICK BAG" definition=""/>
<attValue code="30011193" text="FLUTE CASE" definition=""/>
<attValue code="30011181" text="FRENCH HORN CASE" definition=""/>
<attValue code="30011188" text="GUITAR CASE" definition=""/>
<attValue code="30011191" text="KEYBOARD CASE" definition=""/>
<attValue code="30007565" text="KEYBOARD COVER" definition=""/>
<attValue code="30011189" text="KEYBOARD STAND BAG" definition=""/>
<attValue code="30011196" text="OBOE CASE" definition=""/>
<attValue code="30011195" text="RECORDER CASE" definition=""/>
<attValue code="30011194" text="SAXAPHONE CASE" definition=""/>
<attValue code="30011177" text="SOUSAPHONE CASE" definition=""/>
<attValue code="30011180" text="TROMBONE CASE" definition=""/>
<attValue code="30011179" text="TRUMPET/CORNET CASE" definition=""/>
<attValue code="30011178" text="TUBA SHIELD" definition=""/>
<attValue code="30002515" text="UNCLASSIFIED" definition="This term is used to describe those product attributes that are unable to be classified within their specific market; e.g. goat&apos;s cheese - goat&apos;s cheeses is often generically labelled and cannot be further classified."/>
<attValue code="30002518" text="UNIDENTIFIED" definition="This term is used to describe those product attributes that are unidentifiable given existing or available product information."/>
<attValue code="30011185" text="VIOLIN/VIOLA CASE" definition=""/>
</attType>
</brick>
<brick code="10004122" text="Musical Instrument Cleaning Products" definition="Includes any products that can be described/observed as a cleaning product designed specifically to clean a particular musical instrument. Includes products such as mouthpiece brushes and specific lubricating oils such as brass instrument lubricants. Excludes all cleaning products not designed to be used on musical instruments.">
<attType code="20002072" text="Type of Musical Instrument Cleaning Product" definition="Indicates, with reference to the product branding, labelling or packaging, the descriptive term that is used by the product manufacturer to identify the type of musical instrument cleaning product.">
<attValue code="30011200" text="MOUTHPIECE BRUSH" definition=""/>
<attValue code="30011201" text="MOUTHPIECE DEODORISER" definition=""/>
<attValue code="30011203" text="MUSICAL INSTRUMENT CARE KIT" definition=""/>
<attValue code="30011202" text="ROSIN" definition=""/>
<attValue code="30011199" text="SPIT BALLS" definition=""/>
<attValue code="30002515" text="UNCLASSIFIED" definition="This term is used to describe those product attributes that are unable to be classified within their specific market; e.g. goat&apos;s cheese - goat&apos;s cheeses is often generically labelled and cannot be further classified."/>
<attValue code="30002518" text="UNIDENTIFIED" definition="This term is used to describe those product attributes that are unidentifiable given existing or available product information."/>
<attValue code="30011198" text="VALVE/SLIDE/KEY OIL" definition=""/>
</attType>
</brick>
<brick code="10004124" text="Musical Instrument Holders/Stands/Lyres" definition="Includes any products that can be described/observed as a holder or stand designed specifically to support a particular musical instrument or musical score. Includes products such as a Guitar Stand and a Music Stand or Lyre. Excludes Musical Instrument Cases or Bags.">
<attType code="20002073" text="Type of Musical Instrument Holder/Stand/Lyre" definition="Indicates, with reference to the product branding, labelling or packaging, the descriptive term that is used by the product manufacturer to identify the type of musical instrument holder, stand or lyre.">
<attValue code="30011222" text="CLARINET LYRE" definition=""/>
<attValue code="30011225" text="CLARINET PEG" definition=""/>
<attValue code="30011220" text="CLARINET/FLUTE STAND" definition=""/>
<attValue code="30011213" text="CYMBAL STAND/HOLDER" definition=""/>
<attValue code="30011215" text="DRUM STAND CLAMP" definition=""/>
<attValue code="30011214" text="DRUM STICK HOLDER" definition=""/>
<attValue code="30011168" text="END PIN" definition=""/>
<attValue code="30011218" text="END PIN REST" definition=""/>
<attValue code="30011209" text="FLUGELHORN STAND" definition=""/>
<attValue code="30011223" text="FLUTE/PICCOLO LYRE" definition=""/>
<attValue code="30011211" text="FRENCH HORN LYRE" definition=""/>
<attValue code="30011212" text="KEYBOARD STAND" definition=""/>
<attValue code="30011224" text="SAX LYRE" definition=""/>
<attValue code="30011226" text="SAX PEG" definition=""/>
<attValue code="30011221" text="SAX STAND" definition=""/>
<attValue code="30011210" text="SOUSAPHONE STAND" definition=""/>
<attValue code="30011219" text="TROMBONE LYRE" definition=""/>
<attValue code="30011205" text="TROMBONE STAND" definition=""/>
<attValue code="30011207" text="TRUMPET PEG" definition=""/>
<attValue code="30011206" text="TRUMPET/CORNET LYRE" definition=""/>
<attValue code="30011204" text="TRUMPET/CORNET STAND" definition=""/>
<attValue code="30011208" text="TUBA REST" definition=""/>
<attValue code="30002515" text="UNCLASSIFIED" definition="This term is used to describe those product attributes that are unable to be classified within their specific market; e.g. goat&apos;s cheese - goat&apos;s cheeses is often generically labelled and cannot be further classified."/>
<attValue code="30002518" text="UNIDENTIFIED" definition="This term is used to describe those product attributes that are unidentifiable given existing or available product information."/>
<attValue code="30011216" text="VIOLA/VIOLIN STAND" definition=""/>
</attType>
</brick>
<brick code="10004118" text="Percussion Musical Instrument Accessories (Non Powered)" definition="Includes any products that can be described/observed as a non-powered accessory for a percussion musical instrument. Includes products such as Drum Sticks, Drum Pedals, Drum Heads, Drum Keys and Drum Sound Shields. Excludes products such as complete Percussion Musical Instruments, Metronomes, Tuners and Percussion Instrument Covers, Cases and Stands.">
<attType code="20002068" text="Type of Percussion Musical Instrument Accessory (Non Powered)" definition="Indicates, with reference to the product branding, labelling or packaging, the descriptive term that is used by the product manufacturer to identify the type of non-powered percussion musical instrument accessory.">
<attValue code="30011150" text="DRUM HEAD" definition=""/>
<attValue code="30011151" text="DRUM KEY" definition=""/>
<attValue code="30011148" text="DRUM PEDAL" definition=""/>
<attValue code="30011153" text="DRUM PRACTICE PAD/MUFFLER" definition=""/>
<attValue code="30011152" text="DRUM SOUND SHIELD" definition=""/>
<attValue code="30011149" text="DRUM STICK" definition=""/>
<attValue code="30011154" text="PERCUSSION WIRE BRUSH" definition=""/>
<attValue code="30002515" text="UNCLASSIFIED" definition="This term is used to describe those product attributes that are unable to be classified within their specific market; e.g. goat&apos;s cheese - goat&apos;s cheeses is often generically labelled and cannot be further classified."/>
<attValue code="30002518" text="UNIDENTIFIED" definition="This term is used to describe those product attributes that are unidentifiable given existing or available product information."/>
</attType>
</brick>
<brick code="10004119" text="String Musical Instrument Accessories (Non Powered)" definition="Includes any products that can be described/observed as a non-powered accessory for a string musical instrument. Includes products such as Strings, Picks and Slides. Excludes products such as complete String Musical Instruments, Tuners and String Instrument Covers, Cases and Stands.">
<attType code="20002069" text="Type of String Musical Instrument Accessory (Non Powered)" definition="Indicates, with reference to the product branding, labelling or packaging, the descriptive term that is used by the product manufacturer to identify the type of non-powered string musical instrument accessory.">
<attValue code="30011162" text="BOW" definition=""/>
<attValue code="30011171" text="BRIDGE" definition=""/>
<attValue code="30011165" text="CHIN REST" definition=""/>
<attValue code="30011168" text="END PIN" definition=""/>
<attValue code="30011169" text="GUITAR CAPO" definition=""/>
<attValue code="30011163" text="GUITAR SLIDE" definition=""/>
<attValue code="30011166" text="PEG WINDER" definition=""/>
<attValue code="30011161" text="PICK" definition=""/>
<attValue code="30011167" text="PRACTICE MUTE" definition=""/>
<attValue code="30011164" text="SHOULDER REST" definition=""/>
<attValue code="30007402" text="STRAP" definition=""/>
<attValue code="30011160" text="STRINGS" definition=""/>
<attValue code="30002515" text="UNCLASSIFIED" definition="This term is used to describe those product attributes that are unable to be classified within their specific market; e.g. goat&apos;s cheese - goat&apos;s cheeses is often generically labelled and cannot be further classified."/>
<attValue code="30002518" text="UNIDENTIFIED" definition="This term is used to describe those product attributes that are unidentifiable given existing or available product information."/>
<attValue code="30011172" text="VIOLIN TAILPIECE" definition=""/>
</attType>
</brick>
<brick code="10004120" text="Woodwind Musical Instrument Accessories (Non Powered)" definition="Includes any products that can be described/observed as a non-powered accessory for a woodwind musical instrument. Includes products such as Mouthpieces, Reeds, Ligatures and Caps. Excludes products such as complete Woodwind Musical Instruments, Metronomes, Tuners and Woodwind Instrument Covers, Cases, Stands and Lyres.">
<attType code="20002070" text="Type of Woodwind Musical Instrument Accessory (Non Powered)" definition="Indicates, with reference to the product branding, labelling or packaging, the descriptive term that is used by the product manufacturer to identify the type of non-powered woodwind musical instrument accessory.">
<attValue code="30011173" text="LIGATURE" definition=""/>
<attValue code="30011174" text="LIGATURE/CAP" definition=""/>
<attValue code="30011138" text="MOUTHPIECE" definition=""/>
<attValue code="30011175" text="REEDS" definition=""/>
<attValue code="30002515" text="UNCLASSIFIED" definition="This term is used to describe those product attributes that are unable to be classified within their specific market; e.g. goat&apos;s cheese - goat&apos;s cheeses is often generically labelled and cannot be further classified."/>
<attValue code="30002518" text="UNIDENTIFIED" definition="This term is used to describe those product attributes that are unidentifiable given existing or available product information."/>
</attType>
</brick>
</class>
<class code="61010500" text="Musical Instruments/Accessories Variety Packs" definition="">
<brick code="10004126" text="Musical Instruments/Accessories Variety Packs" definition="Includes any products than can be described/observed as two or more distinct musical instruments and musical accessories products sold together, which exist within the schema belonging to different bricks but to the same class, that is, two or more products contained within the same pack which cross bricks within the Musical Instruments and Accessories class. Includes products such as a Guitar and Guitar Case sold together. Items that are received free with purchases should be removed from the classification decision-making process. Excludes products such as a Guitar and Music Book variety pack.">
</brick>
</class>
</family>
</segment>
</schema></gpc:gs1Schema></eanucc:message></sh:StandardBusinessDocument>
